season,player_name,team,role,is_overseas,base_price_cr,price_cr,acquisition,ball_name,match_method,matches_played,runs,balls_faced,fours,sixes,dismissals,runs_conceded,balls_bowled,wickets,strike_rate,economy,played,bat_impact,bowl_impact,impact,visibility,value_on_cr,value_off_cr,value_cr,roi,surplus_cr,team_matches,availability
2022,Robin Uthappa,CSK,Batter,False,,2.0,sold,RV Uthappa,surname+initial,11.0,230.0,171.0,19.0,14.0,11.0,0.0,0.0,0.0,134.5,,True,-37.812434631028474,0.0,-37.812434631028474,311.0,0.0,1.5469324494287815,1.5469324494287815,0.7734662247143907,-0.4530675505712185,14,0.79
2022,Dwayne Bravo,CSK,All-Rounder,True,,4.4,sold,DJ Bravo,manual,10.0,23.0,24.0,1.0,1.0,2.0,299.0,206.0,16.0,95.8,8.71,True,-23.71051714119698,105.14981623009157,81.43929908889459,400.0,9.81959183108104,1.9896237291688508,11.809215560249891,2.6839126273295206,7.409215560249891,14,0.71
2022,Ambati Rayudu,CSK,Wicketkeeper,False,,6.75,sold,AT Rayudu,surname+initial,11.0,274.0,224.0,25.0,15.0,11.0,0.0,0.0,0.0,122.3,,True,-8.63149331783847,0.0,-8.63149331783847,374.0,0.0,1.8602981867728754,1.8602981867728754,0.2755997313737593,-4.889701813227124,14,0.79
2022,Deepak Chahar,CSK,Bowler,False,,14.0,sold,DL Chahar,surname+initial,0.0,0.0,0.0,0.0,0.0,0.0,0.0,0.0,0.0,,,False,0.0,0.0,0.0,0.0,0.0,0.0,0.0,0.0,-14.0,14,0.0
2022,C.Hari Nishaanth,CSK,Batter,False,,0.2,sold,,no_match,0.0,0.0,0.0,0.0,0.0,0.0,0.0,0.0,0.0,,,False,0.0,0.0,0.0,0.0,0.0,0.0,0.0,0.0,-0.2,14,0.0
2022,N. Jagadeesan,CSK,Wicketkeeper,False,,0.2,sold,N Jagadeesan,exact,2.0,40.0,37.0,3.0,1.0,1.0,0.0,0.0,0.0,108.1,,True,9.654619407321324,0.0,9.654619407321324,47.0,1.1641114661466538,0.23378078817733997,1.3978922543239938,6.989461271619969,1.1978922543239938,14,0.14
2022,K.M. Asif,CSK,Bowler,False,,0.2,sold,KM Asif,fuzzy,0.0,0.0,0.0,0.0,0.0,0.0,0.0,0.0,0.0,,,False,0.0,0.0,0.0,0.0,0.0,0.0,0.0,0.0,-0.2,14,0.0
2022,Tushar Deshpande,CSK,Bowler,False,,0.2,sold,TU Deshpande,surname+initial,2.0,0.0,0.0,0.0,0.0,0.0,63.0,42.0,1.0,,9.0,True,0.0,-25.843241351146375,-25.843241351146375,52.0,0.0,0.2586510847919506,0.2586510847919506,1.293255423959753,0.05865108479195058,14,0.14
2022,Shivam Dube,CSK,All-Rounder,False,,4.0,sold,S Dube,surname+initial,11.0,289.0,185.0,22.0,16.0,10.0,36.0,12.0,0.0,156.2,18.0,True,37.27309703660662,-31.098068957470392,6.175028079136229,357.0,0.7445576762196223,1.7757391782831993,2.5202968545028215,0.6300742136257054,-1.4797031454971785,14,0.79
2022,Chris Jordan,CSK,All-Rounder,True,,3.6,sold,CJ Jordan,surname+initial,4.0,11.0,8.0,0.0,0.0,1.0,135.0,77.0,2.0,137.5,10.52,True,-11.23683904706566,-63.54594247710169,-74.78278152416735,105.0,0.0,0.5222762289068233,0.5222762289068233,0.14507673025189538,-3.0777237710931766,14,0.29
2022,Maheesh Theekshana,CSK,Bowler,True,,0.7,sold,M Theekshana,surname+initial,9.0,7.0,7.0,0.0,1.0,1.0,261.0,210.0,12.0,100.0,7.46,True,-14.957234166182452,64.78379324426811,49.82655907808566,347.0,6.007866938540076,1.725998585053978,7.733865523594054,11.048379319420079,7.033865523594054,14,0.64
2022,Rajvardhan Hangargekar,CSK,All-Rounder,False,,1.5,sold,RS Hangargekar,surname+initial,0.0,0.0,0.0,0.0,0.0,0.0,0.0,0.0,0.0,,,False,0.0,0.0,0.0,0.0,0.0,0.0,0.0,0.0,-1.5,14,0.0
2022,Simarjeet Singh,CSK,Bowler,False,,0.2,sold,Simarjeet Singh,exact,6.0,7.0,8.0,0.0,0.0,1.0,138.0,108.0,4.0,87.5,7.67,True,-15.23683904706566,-13.882620617233528,-29.119459664299185,156.0,0.0,0.7759532543758518,0.7759532543758518,3.879766271879259,0.5759532543758519,14,0.43
2022,Devon Conway,CSK,Batter,True,,1.0,sold,DP Conway,surname+initial,7.0,252.0,173.0,23.0,12.0,6.0,0.0,0.0,0.0,145.7,,True,83.62835560720511,0.0,83.62835560720511,293.0,10.08353862022903,1.4573993816161832,11.540938001845213,11.540938001845213,10.540938001845213,14,0.5
2022,Dwaine Pretorius,CSK,All-Rounder,True,,0.5,sold,D Pretorius,surname+initial,6.0,44.0,28.0,3.0,3.0,4.0,210.0,126.0,6.0,157.1,10.0,True,-43.82893666472981,-38.52972405343912,-82.35866071816892,244.0,0.0,1.213670474792999,1.213670474792999,2.427340949585998,0.7136704747929989,14,0.43
2022,Mitchell Santner,CSK,All-Rounder,True,,1.9,sold,MJ Santner,surname+initial,6.0,22.0,27.0,3.0,0.0,2.0,130.0,114.0,4.0,81.5,6.84,True,-25.5493317838466,-3.4316550959687433,-28.980986879815344,181.0,0.0,0.9003047374489049,0.9003047374489049,0.4738445986573184,-0.999695262551095,14,0.43
2022,Adam Milne,CSK,Bowler,True,,1.9,sold,AF Milne,surname+initial,1.0,0.0,0.0,0.0,0.0,0.0,19.0,15.0,0.0,,7.6,True,0.0,-12.872586196837991,-12.872586196837991,15.0,0.0,0.0746108898438319,0.0746108898438319,0.03926888939149048,-1.8253891101561681,14,0.07
2022,Subhranshu Senapati,CSK,Batter,False,,0.2,sold,,no_match,0.0,0.0,0.0,0.0,0.0,0.0,0.0,0.0,0.0,,,False,0.0,0.0,0.0,0.0,0.0,0.0,0.0,0.0,-0.2,14,0.0
2022,Mukesh Choudhary,CSK,Bowler,False,,0.2,sold,Mukesh Choudhary,exact,13.0,6.0,6.0,1.0,0.0,1.0,424.0,273.0,16.0,100.0,9.32,True,-15.677629285299245,7.518931217548577,-8.158698067750668,439.0,0.0,2.183612042762814,2.183612042762814,10.91806021381407,1.9836120427628139,14,0.93
2022,Prashant Solanki,CSK,Bowler,False,,1.2,sold,PH Solanki,surname+initial,2.0,0.0,0.0,0.0,0.0,0.0,38.0,36.0,2.0,,6.33,True,0.0,16.705793127588827,16.705793127588827,56.0,2.0143109231372396,0.2785473220836391,2.2928582452208786,1.9107152043507323,1.0928582452208786,14,0.14
2022,K.Bhagath Varma,CSK,All-Rounder,False,,0.2,sold,,manual_no_match,0.0,0.0,0.0,0.0,0.0,0.0,0.0,0.0,0.0,,,False,0.0,0.0,0.0,0.0,0.0,0.0,0.0,0.0,-0.2,14,0.0
2022,David Warner,DC,Batter,True,,6.25,sold,DA Warner,surname+initial,12.0,432.0,287.0,52.0,15.0,9.0,0.0,0.0,0.0,150.5,,True,171.75339918651946,0.0,171.75339918651946,437.0,20.709268061988173,2.1736639241169695,22.88293198610514,3.661269117776823,16.63293198610514,14,0.86
2022,Mitchell Marsh,DC,All-Rounder,True,,6.5,sold,MR Marsh,surname+initial,8.0,251.0,189.0,19.0,14.0,8.0,102.0,72.0,4.0,132.8,8.5,True,38.15467751307379,7.411586255177651,45.566263768251446,441.0,5.494179302589564,2.1935601614086577,7.687739463998222,1.1827291483074187,1.1877394639982217,14,0.57
2022,Mustafizur Rahman,DC,Bowler,True,,2.0,sold,Mustafizur Rahman,exact,8.0,3.0,5.0,0.0,0.0,0.0,244.0,192.0,8.0,60.0,7.62,True,1.6019755955839627,-5.5691033195262705,-3.9671277239423075,277.0,0.0,1.377814432449429,1.377814432449429,0.6889072162247145,-0.622185567550571,14,0.57
2022,Shardul Thakur,DC,Bowler,False,,10.75,sold,SN Thakur,surname+initial,14.0,120.0,87.0,7.0,7.0,8.0,473.0,290.0,15.0,137.9,9.79,True,-64.32562463683905,-54.53666647220114,-118.8622911090402,597.0,0.0,2.9695134157845096,2.9695134157845096,0.2762338061194893,-7.78048658421549,14,1.0
2022,Kuldeep Yadav,DC,Bowler,False,,2.0,sold,Kuldeep Yadav,exact,14.0,48.0,52.0,3.0,2.0,1.0,419.0,298.0,21.0,92.3,8.44,True,13.460546194073213,122.73128755615193,136.19183375022513,580.0,16.42141119969467,2.8849544072948334,19.306365606989505,9.653182803494753,17.306365606989505,14,1.0
2022,Ashwin Hebbar,DC,Batter,False,,0.2,sold,,no_match,0.0,0.0,0.0,0.0,0.0,0.0,0.0,0.0,0.0,,,False,0.0,0.0,0.0,0.0,0.0,0.0,0.0,0.0,-0.2,14,0.0
2022,Sarfaraz Khan,DC,All-Rounder,False,,0.2,sold,SN Khan,surname+initial,5.0,91.0,67.0,9.0,2.0,3.0,0.0,0.0,0.0,135.8,,True,12.2664729808251,0.0,12.2664729808251,87.0,1.4790372612024574,0.43274316109422506,1.9117804222966823,9.55890211148341,1.7117804222966824,14,0.36
2022,Kamlesh Nagarkoti,DC,All-Rounder,False,,1.1,sold,KL Nagarkoti,surname+initial,1.0,0.0,0.0,0.0,0.0,0.0,29.0,12.0,0.0,,14.5,True,0.0,-24.098068957470392,-24.098068957470392,12.0,0.0,0.059688711875065525,0.059688711875065525,0.05426246534096865,-1.0403112881249346,14,0.07
2022,K.S. Bharat,DC,Wicketkeeper,False,,2.0,sold,KS Bharat,last_name_unique,2.0,8.0,7.0,2.0,0.0,2.0,0.0,0.0,0.0,114.3,,True,-33.95723416618245,0.0,-33.95723416618245,7.0,0.0,0.034818415260454885,0.034818415260454885,0.017409207630227443,-1.965181584739545,14,0.14
2022,Mandeep Singh,DC,Batter,False,,1.1,sold,Mandeep Singh,exact,3.0,18.0,23.0,4.0,0.0,3.0,0.0,0.0,0.0,78.3,,True,-48.430912260313775,0.0,-48.430912260313775,23.0,0.0,0.11440336442720891,0.11440336442720891,0.10400305857018992,-0.9855966355727912,14,0.21
2022,Syed Khaleel Ahmed,DC,Bowler,False,,5.25,sold,KK Ahmed,manual,10.0,0.0,2.0,0.0,0.0,2.0,315.0,235.0,16.0,0.0,8.04,True,-40.55920976176642,100.99614958287148,60.436939821105064,397.0,7.287219895091008,1.9747015512000843,9.261921446291092,1.7641755135792556,4.011921446291092,14,0.71
2022,Lungisani Ngidi,DC,Bowler,True,,0.5,sold,L Ngidi,surname+initial,0.0,0.0,0.0,0.0,0.0,0.0,0.0,0.0,0.0,,,False,0.0,0.0,0.0,0.0,0.0,0.0,0.0,0.0,-0.5,14,0.0
2022,Chetan Sakariya,DC,Bowler,False,,4.2,sold,C Sakariya,surname+initial,3.0,0.0,0.0,0.0,0.0,0.0,84.0,66.0,3.0,,7.64,True,0.0,2.9606207339128474,2.9606207339128474,96.0,0.35697860245489443,0.4775096950005242,0.8344882974554186,0.19868768987033777,-3.3655117025445813,14,0.21
2022,Yash Dhull,DC,All-Rounder,False,,0.5,sold,YV Dhull,surname+initial,0.0,0.0,0.0,0.0,0.0,0.0,0.0,0.0,0.0,,,False,0.0,0.0,0.0,0.0,0.0,0.0,0.0,0.0,-0.5,14,0.0
2022,Vicky Ostwal,DC,All-Rounder,False,,0.2,sold,,no_match,0.0,0.0,0.0,0.0,0.0,0.0,0.0,0.0,0.0,,,False,0.0,0.0,0.0,0.0,0.0,0.0,0.0,0.0,-0.2,14,0.0
2022,Ripal Patel,DC,All-Rounder,False,,0.2,sold,RV Patel,surname+initial,1.0,6.0,3.0,0.0,1.0,1.0,0.0,0.0,0.0,200.0,,True,-14.838814642649622,0.0,-14.838814642649622,13.0,0.0,0.06466277119798765,0.06466277119798765,0.3233138559899382,-0.13533722880201238,14,0.07
2022,Lalit Yadav,DC,All-Rounder,False,,0.65,sold,Lalit Yadav,exact,10.0,161.0,146.0,11.0,7.0,7.0,150.0,108.0,4.0,110.3,8.33,True,-19.822312608948288,-25.882620617233528,-45.704933226181815,364.0,0.0,1.8105575935436542,1.8105575935436542,2.785473220836391,1.160557593543654,14,0.71
2022,Rovman Powell,DC,Batter,True,,2.8,sold,R Powell,surname+initial,12.0,250.0,167.0,10.0,22.0,10.0,17.0,6.0,0.0,149.7,17.0,True,3.3059848925043553,-14.549034478735196,-11.24304958623084,393.0,0.0,1.9548053139083958,1.9548053139083958,0.6981447549672842,-0.845194686091604,14,0.86
2022,Tim Seifert,DC,Wicketkeeper,True,,0.5,sold,TL Seifert,surname+initial,2.0,24.0,19.0,4.0,0.0,2.0,0.0,0.0,0.0,126.3,,True,-21.312492736780943,0.0,-21.312492736780943,19.0,0.0,0.09450712713552041,0.09450712713552041,0.18901425427104082,-0.4054928728644796,14,0.14
2022,Pravin Dubey,DC,All-Rounder,False,,0.5,sold,P Dubey,surname+initial,0.0,0.0,0.0,0.0,0.0,0.0,0.0,0.0,0.0,,,False,0.0,0.0,0.0,0.0,0.0,0.0,0.0,0.0,-0.5,14,0.0
2022,Mohammad Shami,GT,Bowler,False,,6.25,sold,Mohammed Shami,surname+initial,16.0,0.0,0.0,0.0,0.0,0.0,488.0,366.0,20.0,,8.0,True,0.0,61.508896797153014,61.508896797153014,566.0,7.4164717438057295,2.8153175767739236,10.231789320579653,1.6370862912927444,3.9817893205796526,16,1.0
2022,David Miller,GT,Batter,True,,3.0,sold,DA Miller,surname+initial,16.0,481.0,337.0,32.0,23.0,7.0,0.0,0.0,0.0,142.7,,True,246.7731551423591,0.0,246.7731551423591,567.0,29.754819669075992,2.820291636096846,32.57511130517284,10.858370435057614,29.57511130517284,16,1.0
2022,Jason Roy,GT,Batter,True,,2.0,sold,JJ Roy,surname+initial,0.0,0.0,0.0,0.0,0.0,0.0,0.0,0.0,0.0,,,False,0.0,0.0,0.0,0.0,0.0,0.0,0.0,0.0,-2.0,16,0.0
2022,Wriddhiman Saha,GT,Wicketkeeper,False,,1.9,sold,WP Saha,surname+initial,11.0,317.0,259.0,40.0,7.0,10.0,0.0,0.0,0.0,122.4,,True,44.58233585124927,0.0,44.58233585124927,329.0,5.375541609924492,1.6364655172413798,7.012007127165872,3.6905300669294068,5.112007127165873,16,0.69
2022,Matthew Wade,GT,Wicketkeeper,True,,2.4,sold,MS Wade,surname+initial,10.0,157.0,138.0,23.0,2.0,10.0,0.0,0.0,0.0,113.8,,True,-81.58547356188262,0.0,-81.58547356188262,158.0,0.0,0.785901373021696,0.785901373021696,0.3274589054257067,-1.6140986269783038,16,0.62
2022,Lockie Ferguson,GT,Bowler,True,,10.0,sold,LH Ferguson,surname+initial,13.0,5.0,4.0,1.0,0.0,2.0,427.0,286.0,12.0,125.0,8.96,True,-36.11841952353283,-70.17064348637771,-106.28906300991054,410.0,0.0,2.039364322398072,2.039364322398072,0.20393643223980723,-7.960635677601928,16,0.81
2022,Abhinav Sadarangani,GT,Batter,False,,2.6,sold,A Manohar,manual,7.0,108.0,75.0,14.0,3.0,6.0,0.0,0.0,0.0,144.0,,True,-32.97036606624056,0.0,-32.97036606624056,105.0,0.0,0.5222762289068233,0.5222762289068233,0.20087547265647052,-2.0777237710931766,16,0.44
2022,Rahul Tewatia,GT,All-Rounder,False,,9.0,sold,R Tewatia,surname+initial,13.0,217.0,147.0,22.0,9.0,7.0,76.0,36.0,0.0,147.6,12.67,True,35.89808251016851,-61.29420687241117,-25.396124362242666,273.0,0.0,1.3579181951577406,1.3579181951577406,0.15087979946197116,-7.64208180484226,16,0.81
2022,Noor Ahmad,GT,Bowler,True,,0.3,sold,Noor Ahmad,exact,0.0,0.0,0.0,0.0,0.0,0.0,0.0,0.0,0.0,,,False,0.0,0.0,0.0,0.0,0.0,0.0,0.0,0.0,-0.3,16,0.0
2022,R. Sai Kishore,GT,Bowler,False,,3.0,sold,R Sai Kishore,exact,5.0,0.0,0.0,0.0,0.0,0.0,121.0,96.0,6.0,,7.56,True,0.0,38.21544834023686,38.21544834023686,156.0,4.607850368816121,0.7759532543758518,5.383803623191973,1.7946012077306577,2.383803623191973,16,0.31
2022,Dominic Drakes,GT,All-Rounder,True,,1.1,sold,,no_match,0.0,0.0,0.0,0.0,0.0,0.0,0.0,0.0,0.0,,,False,0.0,0.0,0.0,0.0,0.0,0.0,0.0,0.0,-1.1,16,0.0
2022,Vijay Shankar,GT,All-Rounder,False,,1.4,sold,V Shankar,surname+initial,4.0,19.0,35.0,1.0,0.0,4.0,15.0,9.0,0.0,54.3,10.0,True,-70.78617083091225,-11.323551718102793,-82.10972254901505,44.0,0.0,0.21885861020857358,0.21885861020857358,0.15632757872040973,-1.1811413897914262,16,0.25
2022,Jayant Yadav,GT,All-Rounder,False,,1.7,sold,J Yadav,surname+initial,0.0,0.0,0.0,0.0,0.0,0.0,0.0,0.0,0.0,,,False,0.0,0.0,0.0,0.0,0.0,0.0,0.0,0.0,-1.7,16,0.0
2022,Darshan Nalkande,GT,All-Rounder,False,,0.2,sold,DG Nalkande,surname+initial,2.0,0.0,0.0,0.0,0.0,0.0,59.0,31.0,2.0,,11.42,True,0.0,-6.33667814013185,-6.33667814013185,51.0,0.0,0.2536770254690285,0.2536770254690285,1.2683851273451423,0.05367702546902847,16,0.12
2022,Yash Dayal,GT,Bowler,False,,3.2,sold,Yash Dayal,exact,9.0,0.0,1.0,0.0,0.0,1.0,296.0,192.0,11.0,0.0,9.25,True,-20.27960488088321,2.4308966804737295,-17.84870820040948,303.0,0.0,1.5071399748454044,1.5071399748454044,0.47098124213918885,-1.6928600251545958,16,0.56
2022,B. Sai Sudharsan,GT,All-Rounder,False,,0.2,sold,B Sai Sudharsan,exact,5.0,145.0,114.0,14.0,3.0,4.0,0.0,0.0,0.0,127.2,,True,33.12504357931435,0.0,33.12504357931435,144.0,3.9940717930367655,0.7162645425007863,4.710336335537551,23.551681677687757,4.510336335537551,16,0.31
2022,Gurkeerat Singh,GT,All-Rounder,False,,0.5,sold,Gurkeerat Singh,exact,0.0,0.0,0.0,0.0,0.0,0.0,0.0,0.0,0.0,,,False,0.0,0.0,0.0,0.0,0.0,0.0,0.0,0.0,-0.5,16,0.0
2022,Alzarri Joseph,GT,Bowler,True,,2.4,sold,AS Joseph,surname+initial,9.0,5.0,7.0,0.0,0.0,1.0,264.0,180.0,7.0,71.4,8.8,True,-16.957234166182452,-50.471034362055896,-67.42826852823835,257.0,0.0,1.2783332459909866,1.2783332459909866,0.5326388524962444,-1.1216667540090133,16,0.56
2022,Varun Aaron,GT,Bowler,False,,0.5,sold,VR Aaron,surname+initial,2.0,0.0,0.0,0.0,0.0,0.0,52.0,30.0,2.0,,10.4,True,0.0,0.25482760632401735,0.25482760632401735,50.0,0.030725989901532448,0.24870296614610635,0.2794289560476388,0.5588579120952776,-0.2205710439523612,16,0.12
2022,Pradeep Sangwan,GT,All-Rounder,False,,0.2,sold,PJ Sangwan,surname+initial,3.0,2.0,5.0,0.0,0.0,1.0,65.0,54.0,3.0,40.0,7.22,True,-19.398024404416038,17.058689691383236,-2.3393347130328017,89.0,0.0,0.4426912797400693,0.4426912797400693,2.2134563987003464,0.24269127974006927,16,0.19
2022,Pat Cummins,KKR,All-Rounder,True,,7.25,sold,PJ Cummins,surname+initial,5.0,63.0,24.0,5.0,6.0,4.0,212.0,119.0,7.0,262.5,10.69,True,-23.71051714119698,-23.389183828248058,-47.09970096944504,273.0,0.0,1.3579181951577406,1.3579181951577406,0.18729906140106767,-5.89208180484226,14,0.36
2022,Shreyas Iyer,KKR,Batter,False,,12.25,sold,SS Iyer,surname+initial,14.0,401.0,298.0,41.0,11.0,13.0,7.0,6.0,0.0,134.6,7.0,True,57.67774549680418,-4.549034478735196,53.128711018068984,414.0,6.406025868904328,2.0592605596897604,8.465286428594087,0.6910437900893133,-3.784713571405913,14,1.0
2022,Mohammad Nabi,KKR,All-Rounder,True,,1.0,sold,Mohammad Nabi,exact,0.0,0.0,0.0,0.0,0.0,0.0,0.0,0.0,0.0,,,False,0.0,0.0,0.0,0.0,0.0,0.0,0.0,0.0,-1.0,14,0.0
2022,Nitish Rana,KKR,All-Rounder,False,,8.0,sold,N Rana,surname+initial,14.0,361.0,251.0,29.0,22.0,13.0,23.0,12.0,0.0,143.8,11.5,True,30.819174898314927,-18.098068957470392,12.721105940844534,483.0,1.533854900232897,2.4024706529713873,3.9363255532042842,0.49204069415053553,-4.063674446795716,14,1.0
2022,Sam Billings,KKR,Wicketkeeper,True,,2.0,sold,SW Billings,surname+initial,8.0,169.0,138.0,9.0,10.0,7.0,0.0,0.0,0.0,122.5,,True,-9.58547356188263,0.0,-9.58547356188263,238.0,0.0,1.1838261188554662,1.1838261188554662,0.5919130594277331,-0.8161738811445338,14,0.57
2022,Umesh Yadav,KKR,Bowler,False,,2.0,sold,UT Yadav,surname+initial,12.0,55.0,40.0,4.0,4.0,4.0,339.0,288.0,16.0,137.5,7.06,True,-36.184195235328296,98.64634502071061,62.462149785382316,528.0,7.531410788724972,2.626303322502883,10.157714111227854,5.078857055613927,8.157714111227854,14,0.86
2022,Shivam Mavi,KKR,All-Rounder,False,,7.25,sold,Shivam Mavi,exact,6.0,3.0,7.0,0.0,0.0,2.0,227.0,132.0,5.0,42.9,10.32,True,-38.95723416618245,-73.0787585321743,-112.03599269835675,189.0,0.0,0.940097212032282,0.940097212032282,0.12966858096996994,-6.309902787967718,14,0.43
2022,Sheldon Jackson,KKR,Wicketkeeper,False,,0.6,sold,SP Jackson,surname+initial,5.0,23.0,26.0,0.0,1.0,4.0,0.0,0.0,0.0,88.5,,True,-64.2697269029634,0.0,-64.2697269029634,36.0,0.0,0.17906613562519658,0.17906613562519658,0.2984435593753276,-0.4209338643748034,14,0.36
2022,Ajinkya Rahane,KKR,Batter,False,,1.0,sold,AM Rahane,surname+initial,7.0,133.0,128.0,14.0,4.0,7.0,0.0,0.0,0.0,103.9,,True,-42.789424753050554,0.0,-42.789424753050554,168.0,0.0,0.8356419662509174,0.8356419662509174,0.8356419662509174,-0.16435803374908264,14,0.5
2022,Rinku Singh,KKR,Batter,False,,0.55,sold,RK Singh,manual,7.0,174.0,117.0,17.0,7.0,5.0,0.0,0.0,0.0,148.7,,True,41.28622893666473,0.0,41.28622893666473,187.0,4.978111562086105,0.9301490933864377,5.908260655472542,10.742292100859167,5.3582606554725425,14,0.5
2022,Anukul Roy,KKR,All-Rounder,False,,0.2,sold,AS Roy,surname+initial,2.0,0.0,2.0,0.0,0.0,1.0,55.0,42.0,1.0,0.0,7.86,True,-20.559209761766414,-17.843241351146375,-38.402451112912786,54.0,0.0,0.26859920343779486,0.26859920343779486,1.3429960171889743,0.06859920343779485,14,0.14
2022,Alex Hales,KKR,Batter,True,,1.5,sold,AD Hales,surname+initial,0.0,0.0,0.0,0.0,0.0,0.0,0.0,0.0,0.0,,,False,0.0,0.0,0.0,0.0,0.0,0.0,0.0,0.0,-1.5,14,0.0
2022,Rasikh Dar,KKR,Bowler,False,,0.2,sold,,no_match,0.0,0.0,0.0,0.0,0.0,0.0,0.0,0.0,0.0,,,False,0.0,0.0,0.0,0.0,0.0,0.0,0.0,0.0,-0.2,14,0.0
2022,Tim Southee,KKR,Bowler,True,,1.5,sold,TG Southee,surname+initial,9.0,2.0,12.0,0.0,0.0,4.0,275.0,210.0,14.0,16.7,7.86,True,-81.3552585705985,90.78379324426811,9.428534673669617,362.0,1.136851165179732,1.8006094748978099,2.937460640077542,1.958307093385028,1.4374606400775418,14,0.64
2022,Baba Indrajith,KKR,Wicketkeeper,False,,0.2,sold,B Indrajith,surname+initial,3.0,21.0,30.0,2.0,0.0,3.0,0.0,0.0,0.0,70.0,,True,-47.38814642649622,0.0,-47.38814642649622,30.0,0.0,0.1492217796876638,0.1492217796876638,0.7461088984383191,-0.0507782203123362,14,0.21
2022,Chamika Karunaratne,KKR,All-Rounder,True,,0.5,sold,,no_match,0.0,0.0,0.0,0.0,0.0,0.0,0.0,0.0,0.0,,,False,0.0,0.0,0.0,0.0,0.0,0.0,0.0,0.0,-0.5,14,0.0
2022,Abhijeet Tomar,KKR,Batter,False,,0.4,sold,A Tomar,surname+initial,1.0,4.0,8.0,1.0,0.0,1.0,0.0,0.0,0.0,50.0,,True,-18.236839047065658,0.0,-18.236839047065658,8.0,0.0,0.039792474583377015,0.039792474583377015,0.09948118645844253,-0.360207525416623,14,0.07
2022,Aman Khan,KKR,All-Rounder,False,,0.2,sold,,ambiguous,0.0,0.0,0.0,0.0,0.0,0.0,0.0,0.0,0.0,,,False,0.0,0.0,0.0,0.0,0.0,0.0,0.0,0.0,-0.2,14,0.0
2022,Ramesh Kumar,KKR,Batter,False,,0.2,sold,,no_match,0.0,0.0,0.0,0.0,0.0,0.0,0.0,0.0,0.0,,,False,0.0,0.0,0.0,0.0,0.0,0.0,0.0,0.0,-0.2,14,0.0
2022,Pratham Singh,KKR,Batter,False,,0.2,sold,Pankaj Singh,surname+initial,0.0,0.0,0.0,0.0,0.0,0.0,0.0,0.0,0.0,,,False,0.0,0.0,0.0,0.0,0.0,0.0,0.0,0.0,-0.2,14,0.0
2022,Ashok Sharma,KKR,Bowler,False,,0.55,sold,,ambiguous,0.0,0.0,0.0,0.0,0.0,0.0,0.0,0.0,0.0,,,False,0.0,0.0,0.0,0.0,0.0,0.0,0.0,0.0,-0.55,14,0.0
2022,Quinton De Kock,LSG,Wicketkeeper,True,,6.75,sold,Q de Kock,surname+initial,15.0,508.0,341.0,47.0,23.0,14.0,0.0,0.0,0.0,149.0,,True,132.65473561882627,0.0,132.65473561882627,571.0,15.994923492833346,2.8401878733885346,18.83511136622188,2.7903868690699083,12.08511136622188,15,1.0
2022,Manish Pandey,LSG,Batter,False,,4.6,sold,MK Pandey,surname+initial,6.0,88.0,80.0,9.0,2.0,6.0,0.0,0.0,0.0,110.0,,True,-54.36839047065659,0.0,-54.36839047065659,100.0,0.0,0.4974059322922127,0.4974059322922127,0.10813172441135059,-4.102594067707787,15,0.4
2022,Jason Holder,LSG,All-Rounder,True,,8.75,sold,JO Holder,surname+initial,12.0,58.0,44.0,2.0,6.0,6.0,391.0,249.0,14.0,131.8,9.42,True,-74.30261475886113,-9.284930867510674,-83.58754562637179,493.0,0.0,2.4522112462006085,2.4522112462006085,0.28025271385149814,-6.2977887537993915,15,0.8
2022,Deepak Hooda,LSG,All-Rounder,False,,5.75,sold,DJ Hooda,surname+initial,14.0,451.0,330.0,36.0,18.0,14.0,43.0,24.0,1.0,136.7,10.75,True,78.73038930854155,-13.196137914940785,65.53425139360075,544.0,7.901831263775774,2.705888271669637,10.607719535445412,1.8448207887731152,4.857719535445412,15,0.93
2022,Krunal Pandya,LSG,All-Rounder,False,,8.25,sold,KH Pandya,surname+initial,14.0,183.0,145.0,16.0,4.0,9.0,265.0,228.0,10.0,126.2,6.97,True,-37.54270772806508,28.136689808062513,-9.406017920002569,513.0,0.0,2.551692432659051,2.551692432659051,0.3092960524435213,-5.698307567340949,15,0.93
2022,Mark Wood,LSG,Bowler,True,,7.5,sold,MA Wood,surname+initial,0.0,0.0,0.0,0.0,0.0,0.0,0.0,0.0,0.0,,,False,0.0,0.0,0.0,0.0,0.0,0.0,0.0,0.0,-7.5,15,0.0
2022,Avesh Khan,LSG,Bowler,False,,10.0,sold,Avesh Khan,exact,13.0,22.0,13.0,0.0,3.0,1.0,416.0,286.0,18.0,169.2,8.73,True,-1.6348634514816967,60.82935651362229,59.19449306214059,509.0,7.137411139596152,2.5317961953673627,9.669207334963515,0.9669207334963514,-0.3307926650364852,15,0.87
2022,Ankit Singh Rajpoot,LSG,Bowler,False,,0.5,sold,AS Rajpoot,last_name_unique,0.0,0.0,0.0,0.0,0.0,0.0,0.0,0.0,0.0,,,False,0.0,0.0,0.0,0.0,0.0,0.0,0.0,0.0,-0.5,15,0.0
2022,K. Gowtham,LSG,All-Rounder,False,,0.9,sold,K Gowtham,exact,4.0,0.0,1.0,0.0,0.0,1.0,99.0,72.0,5.0,0.0,8.25,True,-20.27960488088321,30.411586255177653,10.131981374294444,123.0,1.2216696686827713,0.6118092967194216,1.8334789654021928,2.037198850446881,0.9334789654021928,15,0.27
2022,Dushmanta Chameera,LSG,Bowler,True,,2.0,sold,PVD Chameera,manual,12.0,43.0,28.0,3.0,3.0,4.0,384.0,264.0,9.0,153.6,8.73,True,-44.82893666472981,-96.15751706434861,-140.98645372907842,412.0,0.0,2.049312441043916,2.049312441043916,1.024656220521958,0.04931244104391608,15,0.8
2022,Shahbaz Nadeem,LSG,Bowler,False,,0.5,sold,S Nadeem,surname+initial,0.0,0.0,0.0,0.0,0.0,0.0,0.0,0.0,0.0,,,False,0.0,0.0,0.0,0.0,0.0,0.0,0.0,0.0,-0.5,15,0.0
2022,Manan Vohra,LSG,Batter,False,,0.2,sold,M Vohra,surname+initial,1.0,19.0,11.0,1.0,2.0,1.0,0.0,0.0,0.0,172.7,,True,-4.075653689715282,0.0,-4.075653689715282,31.0,0.0,0.15419583901058592,0.15419583901058592,0.7709791950529296,-0.04580416098941409,15,0.07
2022,Evin Lewis,LSG,Batter,True,,2.0,sold,E Lewis,surname+initial,5.0,73.0,56.0,8.0,3.0,3.0,0.0,0.0,0.0,130.4,,True,-2.6578733294596173,0.0,-2.6578733294596173,86.0,0.0,0.4277691017713029,0.4277691017713029,0.21388455088565145,-1.572230898228697,15,0.33
2022,Mohsin Khan,LSG,Bowler,False,,0.2,sold,Mohsin Khan,exact,9.0,23.0,16.0,2.0,1.0,1.0,197.0,198.0,14.0,143.8,5.97,True,-1.4736780941313192,163.8818622017385,162.40818410760718,364.0,19.582463206405915,1.8105575935436542,21.393020799949568,106.96510399974784,21.19302079994957,15,0.6
2022,Mayank Yadav,LSG,Bowler,False,,0.2,sold,MP Yadav,surname+initial,0.0,0.0,0.0,0.0,0.0,0.0,0.0,0.0,0.0,,,False,0.0,0.0,0.0,0.0,0.0,0.0,0.0,0.0,-0.2,15,0.0
2022,Ayush Badoni,LSG,All-Rounder,False,,0.2,sold,A Badoni,surname+initial,11.0,161.0,130.0,11.0,7.0,8.0,11.0,12.0,2.0,123.8,5.5,True,-35.34863451481697,33.90193104252961,-1.4467034722873606,232.0,0.0,1.1539817629179334,1.1539817629179334,5.769908814589667,0.9539817629179335,15,0.73
2022,Kyle Mayers,LSG,All-Rounder,True,,0.5,sold,KR Mayers,surname+initial,0.0,0.0,0.0,0.0,0.0,0.0,0.0,0.0,0.0,,,False,0.0,0.0,0.0,0.0,0.0,0.0,0.0,0.0,-0.5,15,0.0
2022,Karan Sharma,LSG,All-Rounder,False,,0.2,sold,,ambiguous,0.0,0.0,0.0,0.0,0.0,0.0,0.0,0.0,0.0,,,False,0.0,0.0,0.0,0.0,0.0,0.0,0.0,0.0,-0.2,15,0.0
2022,Ishan Kishan,MI,Wicketkeeper,False,,15.25,sold,Ishan Kishan,exact,14.0,418.0,348.0,45.0,11.0,13.0,0.0,0.0,0.0,120.1,,True,60.697501452643806,0.0,60.697501452643806,458.0,7.318637268486598,2.2781191698983343,9.596756438384933,0.629295504156389,-5.653243561615067,14,1.0
2022,Dewald Brevis,MI,Batter,True,,3.0,sold,D Brevis,surname+initial,7.0,161.0,113.0,14.0,11.0,7.0,8.0,3.0,1.0,142.5,16.0,True,-10.595351539802444,13.2254827606324,2.6301312208299557,236.0,0.3171296332320091,1.1738780002096219,1.491007633441631,0.49700254448054365,-1.508992366558369,14,0.5
2022,Anmolpreet Singh,MI,Batter,False,,0.2,sold,Anmolpreet Singh,exact,2.0,13.0,13.0,1.0,0.0,2.0,0.0,0.0,0.0,100.0,,True,-30.634863451481696,0.0,-30.634863451481696,13.0,0.0,0.06466277119798765,0.06466277119798765,0.3233138559899382,-0.13533722880201238,14,0.14
2022,Basil Thampi,MI,Bowler,False,,0.3,sold,Basil Thampi,exact,5.0,0.0,0.0,0.0,0.0,0.0,152.0,96.0,5.0,,9.5,True,0.0,-12.784551659763135,-12.784551659763135,146.0,0.0,0.7262126611466305,0.7262126611466305,2.4207088704887685,0.42621266114663053,14,0.36
2022,Murugan Ashwin,MI,Bowler,False,,1.6,sold,M Ashwin,surname+initial,8.0,12.0,14.0,1.0,1.0,3.0,228.0,174.0,9.0,85.7,7.86,True,-51.914468332364905,23.07800011667932,-28.836468215685585,288.0,0.0,1.4325290850015726,1.4325290850015726,0.8953306781259829,-0.16747091499842748,14,0.57
2022,Jaydev Unadkat,MI,Bowler,False,,1.3,sold,JD Unadkat,surname+initial,5.0,59.0,37.0,4.0,3.0,3.0,190.0,120.0,6.0,159.5,9.5,True,-11.345380592678676,-20.98068957470393,-32.32607016738261,247.0,0.0,1.2285926527617654,1.2285926527617654,0.9450712713552042,-0.07140734723823461,14,0.36
2022,Mayank Markande,MI,Bowler,False,,0.65,sold,M Markande,surname+initial,2.0,0.0,0.0,0.0,0.0,0.0,57.0,42.0,1.0,,8.14,True,0.0,-19.843241351146375,-19.843241351146375,52.0,0.0,0.2586510847919506,0.2586510847919506,0.39792474583377013,-0.39134891520804943,14,0.14
2022,N. Tilak Varma,MI,All-Rounder,False,,1.7,sold,Tilak Varma,fuzzy,14.0,397.0,303.0,29.0,16.0,11.0,13.0,12.0,0.0,131.0,6.5,True,92.27972109238814,-8.098068957470392,84.18165213491775,475.0,10.150252677502069,2.3626781783880104,12.51293085589008,7.360547562288282,10.81293085589008,14,1.0
2022,Sanjay Yadav,MI,All-Rounder,False,,0.5,sold,SA Yadav,surname+initial,8.0,303.0,208.0,23.0,16.0,7.0,0.0,0.0,0.0,145.7,,True,104.84218477629285,0.0,104.84218477629285,368.0,12.641408665099405,1.8304538308353426,14.471862495934747,28.943724991869495,13.971862495934747,14,0.57
2022,Jofra Archer,MI,All-Rounder,True,,8.0,sold,JC Archer,surname+initial,0.0,0.0,0.0,0.0,0.0,0.0,0.0,0.0,0.0,,,False,0.0,0.0,0.0,0.0,0.0,0.0,0.0,0.0,-8.0,14,0.0
2022,Daniel Sams,MI,All-Rounder,True,,2.6,sold,DR Sams,surname+initial,11.0,38.0,36.0,1.0,3.0,7.0,370.0,252.0,13.0,105.6,8.81,True,-112.06577571179547,-7.059448106878236,-119.1252238186737,448.0,0.0,2.2283785766691127,2.2283785766691127,0.8570686833342741,-0.37162142333088743,14,0.79
2022,Tymal Mills,MI,Bowler,True,,1.5,sold,TS Mills,surname+initial,5.0,0.0,3.0,0.0,0.0,1.0,190.0,102.0,6.0,0.0,11.18,True,-20.838814642649623,-28.333586138498323,-49.17240078114794,165.0,0.0,0.820719788282151,0.820719788282151,0.547146525521434,-0.679280211717849,14,0.36
2022,Tim David,MI,All-Rounder,True,,8.25,sold,TH David,surname+initial,8.0,186.0,86.0,12.0,16.0,5.0,0.0,0.0,0.0,216.3,,True,61.95398024404416,0.0,61.95398024404416,246.0,7.470137944622009,1.2236185934388433,8.693756538060853,1.0537886712801035,0.44375653806085325,14,0.57
2022,Ramandeep Singh,MI,All-Rounder,False,,0.2,sold,Ramandeep Singh,exact,5.0,45.0,40.0,3.0,1.0,2.0,54.0,36.0,6.0,112.5,9.0,True,-6.184195235328298,80.70579312758883,74.52159789226053,146.0,8.9854859028586,0.7262126611466305,9.71169856400523,48.558492820026146,9.511698564005231,14,0.36
2022,Aryan Juyal,MI,Wicketkeeper,False,,0.2,sold,,no_match,0.0,0.0,0.0,0.0,0.0,0.0,0.0,0.0,0.0,,,False,0.0,0.0,0.0,0.0,0.0,0.0,0.0,0.0,-0.2,14,0.0
2022,Fabian Allen,MI,All-Rounder,True,,0.75,sold,FA Allen,surname+initial,1.0,8.0,7.0,1.0,0.0,1.0,46.0,24.0,1.0,114.3,11.5,True,-13.957234166182452,-16.196137914940785,-30.153372081123237,41.0,0.0,0.2039364322398072,0.2039364322398072,0.2719152429864096,-0.5460635677601928,14,0.07
2022,Riley Meredith,MI,Bowler,True,,1.0,sold,RP Meredith,surname+initial,8.0,0.0,1.0,0.0,0.0,0.0,236.0,168.0,8.0,0.0,8.43,True,-0.27960488088320745,-7.372965404585493,-7.6525702854687,249.0,0.0,1.2385407714076095,1.2385407714076095,1.2385407714076095,0.23854077140760954,14,0.57
2022,Rahul Buddhi,MI,Batter,False,,0.2,sold,,no_match,0.0,0.0,0.0,0.0,0.0,0.0,0.0,0.0,0.0,,,False,0.0,0.0,0.0,0.0,0.0,0.0,0.0,0.0,-0.2,14,0.0
2022,Hrithik Shokeen,MI,All-Rounder,False,,0.2,sold,HR Shokeen,surname+initial,5.0,43.0,48.0,5.0,0.0,2.0,127.0,90.0,2.0,89.6,8.47,True,-10.421034282393958,-50.235517181027944,-60.656551463421906,158.0,0.0,0.785901373021696,0.785901373021696,3.92950686510848,0.585901373021696,14,0.36
2022,Mohd. Arshad Khan,MI,All-Rounder,False,,0.2,sold,,no_match,0.0,0.0,0.0,0.0,0.0,0.0,0.0,0.0,0.0,,,False,0.0,0.0,0.0,0.0,0.0,0.0,0.0,0.0,-0.2,14,0.0
2022,Arjun Tendulkar,MI,All-Rounder,False,,0.3,sold,Arjun Tendulkar,exact,0.0,0.0,0.0,0.0,0.0,0.0,0.0,0.0,0.0,,,False,0.0,0.0,0.0,0.0,0.0,0.0,0.0,0.0,-0.3,14,0.0
2022,Shikhar Dhawan,PBKS,Batter,False,,8.25,sold,S Dhawan,surname+initial,14.0,460.0,375.0,47.0,12.0,12.0,0.0,0.0,0.0,122.7,,True,115.14816966879721,0.0,115.14816966879721,495.0,13.88405891128111,2.462159364846453,16.346218276127562,1.9813597910457652,8.096218276127562,14,1.0
2022,Kagiso Rabada,PBKS,Bowler,True,,9.25,sold,K Rabada,surname+initial,13.0,48.0,43.0,5.0,2.0,5.0,406.0,288.0,23.0,111.6,8.46,True,-64.02300987797793,171.6463450207106,107.62333514273269,581.0,12.976747521460274,2.889928466617756,15.866675988078029,1.7153163230354627,6.616675988078029,14,0.93
2022,Jonny Bairstow,PBKS,Wicketkeeper,True,,6.75,sold,JM Bairstow,surname+initial,11.0,253.0,175.0,34.0,9.0,11.0,0.0,0.0,0.0,144.6,,True,-15.930854154561302,0.0,-15.930854154561302,265.0,0.0,1.3181257205743635,1.3181257205743635,0.19527788452953534,-5.431874279425637,14,0.79
2022,Rahul Chahar,PBKS,Bowler,False,,5.25,sold,RD Chahar,surname+initial,13.0,77.0,68.0,7.0,4.0,6.0,360.0,280.0,14.0,113.2,7.71,True,-62.013131900058106,34.378390992357545,-27.63474090770056,528.0,0.0,2.626303322502883,2.626303322502883,0.5002482519053111,-2.623696677497117,14,0.93
2022,Harpreet Brar,PBKS,All-Rounder,False,,3.8,sold,Harpreet Brar,exact,5.0,22.0,25.0,1.0,2.0,3.0,146.0,96.0,4.0,88.0,9.12,True,-44.990122022080186,-26.784551659763135,-71.77467368184332,181.0,0.0,0.9003047374489049,0.9003047374489049,0.2369222993286592,-2.899695262551095,14,0.36
2022,Shahrukh Khan,PBKS,All-Rounder,False,,9.0,sold,M Shahrukh Khan,manual,8.0,117.0,108.0,4.0,9.0,7.0,0.0,0.0,0.0,108.3,,True,-53.1973271353864,0.0,-53.1973271353864,198.0,0.0,0.9848637459385811,0.9848637459385811,0.10942930510428678,-8.015136254061419,14,0.57
2022,Jitesh Sharma,PBKS,Wicketkeeper,False,,0.2,sold,,ambiguous,0.0,0.0,0.0,0.0,0.0,0.0,0.0,0.0,0.0,,,False,0.0,0.0,0.0,0.0,0.0,0.0,0.0,0.0,-0.2,14,0.0
2022,Prabhsimran Singh,PBKS,Wicketkeeper,False,,0.6,sold,Pankaj Singh,surname+initial,0.0,0.0,0.0,0.0,0.0,0.0,0.0,0.0,0.0,,,False,0.0,0.0,0.0,0.0,0.0,0.0,0.0,0.0,-0.6,14,0.0
2022,Ishan Porel,PBKS,Bowler,False,,0.25,sold,IC Porel,surname+initial,0.0,0.0,0.0,0.0,0.0,0.0,0.0,0.0,0.0,,,False,0.0,0.0,0.0,0.0,0.0,0.0,0.0,0.0,-0.25,14,0.0
2022,Liam Livingstone,PBKS,All-Rounder,True,,11.5,sold,LS Livingstone,surname+initial,14.0,437.0,240.0,29.0,34.0,12.0,202.0,138.0,6.0,182.1,8.78,True,129.8948285880302,-25.62779301090951,104.2670355771207,778.0,12.572059708993104,3.869818153233415,16.44187786222652,1.4297285097588277,4.941877862226519,14,1.0
2022,Odean Smith,PBKS,All-Rounder,True,,6.0,sold,OF Smith,surname+initial,6.0,51.0,44.0,1.0,5.0,3.0,178.0,90.0,6.0,115.9,11.87,True,-21.30261475886113,-21.235517181027948,-42.53813193988908,244.0,0.0,1.213670474792999,1.213670474792999,0.20227841246549982,-4.786329525207001,14,0.43
2022,Sandeep Sharma,PBKS,Bowler,False,,0.5,sold,Sandeep Sharma,exact,5.0,0.0,0.0,0.0,0.0,0.0,153.0,120.0,2.0,,7.65,True,0.0,-63.98068957470393,-63.98068957470393,140.0,0.0,0.6963683052090978,0.6963683052090978,1.3927366104181955,0.19636830520909776,14,0.36
2022,Raj Angad Bawa,PBKS,All-Rounder,False,,2.0,sold,RA Bawa,last_name_unique,2.0,11.0,14.0,1.0,0.0,2.0,0.0,0.0,0.0,78.6,,True,-32.914468332364905,0.0,-32.914468332364905,14.0,0.0,0.06963683052090977,0.06963683052090977,0.034818415260454885,-1.9303631694790901,14,0.14
2022,Rishi Dhawan,PBKS,All-Rounder,False,,0.55,sold,R Dhawan,surname+initial,6.0,37.0,40.0,4.0,2.0,2.0,156.0,114.0,6.0,92.5,8.21,True,-14.184195235328298,10.568344904031257,-3.6158503312970414,234.0,0.0,1.1639298815637777,1.1639298815637777,2.1162361482977774,0.6139298815637777,14,0.43
2022,Nathan Ellis,PBKS,Bowler,True,,0.75,sold,NT Ellis,surname+initial,2.0,0.0,2.0,0.0,0.0,1.0,55.0,36.0,3.0,0.0,9.17,True,-20.559209761766414,19.705793127588827,-0.853416634177588,68.0,0.0,0.3382360339587046,0.3382360339587046,0.45098137861160614,-0.4117639660412954,14,0.14
2022,Prerak Mankad,PBKS,All-Rounder,False,,0.2,sold,PN Mankad,surname+initial,1.0,4.0,1.0,1.0,0.0,0.0,0.0,0.0,0.0,400.0,,True,3.7203951191167928,0.0,3.7203951191167928,1.0,0.44858884996291415,0.004974059322922127,0.45356290928583626,2.267814546429181,0.25356290928583625,14,0.07
2022,Atharva Taide,PBKS,All-Rounder,False,,0.2,sold,Atharva Taide,exact,0.0,0.0,0.0,0.0,0.0,0.0,0.0,0.0,0.0,,,False,0.0,0.0,0.0,0.0,0.0,0.0,0.0,0.0,-0.2,14,0.0
2022,Vaibhav Arora,PBKS,Bowler,False,,2.0,sold,VG Arora,surname+initial,5.0,5.0,13.0,0.0,0.0,2.0,164.0,107.0,3.0,38.5,9.2,True,-38.6348634514817,-60.29111487077766,-98.92597832225937,150.0,0.0,0.7461088984383191,0.7461088984383191,0.37305444921915953,-1.253891101561681,14,0.36
2022,Bhanuka Rajapaksa,PBKS,Batter,True,,0.5,sold,PBB Rajapaksa,manual,9.0,206.0,129.0,16.0,13.0,9.0,0.0,0.0,0.0,159.7,,True,-10.06902963393376,0.0,-10.06902963393376,259.0,0.0,1.2882813646368307,1.2882813646368307,2.5765627292736615,0.7882813646368307,14,0.64
2022,Benny Howell,PBKS,All-Rounder,True,,0.4,sold,,no_match,0.0,0.0,0.0,0.0,0.0,0.0,0.0,0.0,0.0,,,False,0.0,0.0,0.0,0.0,0.0,0.0,0.0,0.0,-0.4,14,0.0
2022,Writtick Chatterjee,PBKS,All-Rounder,False,,0.2,sold,,no_match,0.0,0.0,0.0,0.0,0.0,0.0,0.0,0.0,0.0,,,False,0.0,0.0,0.0,0.0,0.0,0.0,0.0,0.0,-0.2,14,0.0
2022,Baltej Dhanda,PBKS,Bowler,False,,0.2,sold,,no_match,0.0,0.0,0.0,0.0,0.0,0.0,0.0,0.0,0.0,,,False,0.0,0.0,0.0,0.0,0.0,0.0,0.0,0.0,-0.2,14,0.0
2022,Ansh Patel,PBKS,All-Rounder,False,,0.2,sold,,manual_no_match,0.0,0.0,0.0,0.0,0.0,0.0,0.0,0.0,0.0,,,False,0.0,0.0,0.0,0.0,0.0,0.0,0.0,0.0,-0.2,14,0.0
2022,R. Ashwin,RR,All-Rounder,False,,5.0,sold,R Ashwin,exact,17.0,191.0,135.0,14.0,9.0,7.0,503.0,402.0,12.0,141.5,7.51,True,13.253341080766994,-98.78531007525817,-85.53196899449117,747.0,0.0,3.715622314222829,3.715622314222829,0.7431244628445658,-1.2843776857771712,17,1.0
2022,Trent Boult,RR,Bowler,True,,8.0,sold,TA Boult,surname+initial,16.0,40.0,29.0,2.0,1.0,2.0,492.0,372.0,16.0,137.9,7.94,True,-8.108541545613017,-20.04013768158211,-28.148679227195124,571.0,0.0,2.8401878733885346,2.8401878733885346,0.35502348417356683,-5.159812126611465,17,0.94
2022,Shimron Hetmyer,RR,Batter,True,,8.5,sold,SO Hetmyer,surname+initial,15.0,314.0,204.0,21.0,21.0,7.0,0.0,0.0,0.0,153.9,,True,116.96060429982569,0.0,116.96060429982569,414.0,14.10259429280237,2.0592605596897604,16.16185485249213,1.9013946885284858,7.66185485249213,17,0.88
2022,Devdutt Padikkal,RR,Batter,False,,7.75,sold,D Padikkal,surname+initial,17.0,376.0,306.0,41.0,14.0,17.0,0.0,0.0,0.0,122.9,,True,-49.55909355026148,0.0,-49.55909355026148,446.0,0.0,2.2184304580232688,2.2184304580232688,0.28624909135784116,-5.531569541976731,17,1.0
2022,Prasidh Krishna,RR,Bowler,False,,10.0,sold,M Prasidh Krishna,last_name_unique,17.0,6.0,12.0,0.0,0.0,1.0,551.0,399.0,19.0,50.0,8.29,True,-17.35525857059849,-8.01079283589057,-25.36605140648906,601.0,0.0,2.989409653076198,2.989409653076198,0.2989409653076198,-7.010590346923802,17,1.0
2022,Yuzvendra Chahal,RR,Bowler,False,,6.5,sold,YS Chahal,surname+initial,17.0,5.0,8.0,0.0,0.0,1.0,527.0,408.0,27.0,62.5,7.75,True,-17.236839047065658,179.66565544600672,162.42881639894108,686.0,19.584950957181096,3.412204695524579,22.997155652705676,3.538023946570104,16.497155652705676,17,1.0
2022,Riyan Parag,RR,All-Rounder,False,,3.8,sold,R Parag,surname+initial,15.0,183.0,132.0,11.0,10.0,11.0,59.0,24.0,1.0,138.6,14.75,True,-73.90784427658338,-29.196137914940785,-103.10398219152415,266.0,0.0,1.3230997798972857,1.3230997798972857,0.3481841526045489,-2.4769002201027144,17,0.88
2022,K.C Cariappa,RR,Bowler,False,,0.3,sold,KC Cariappa,last_name_unique,0.0,0.0,0.0,0.0,0.0,0.0,0.0,0.0,0.0,,,False,0.0,0.0,0.0,0.0,0.0,0.0,0.0,0.0,-0.3,17,0.0
2022,James Neesham,RR,All-Rounder,True,,1.5,sold,JDS Neesham,surname+initial,2.0,31.0,27.0,3.0,0.0,2.0,29.0,18.0,0.0,114.8,9.67,True,-16.5493317838466,-21.647103436205587,-38.19643522005219,45.0,0.0,0.22383266953149572,0.22383266953149572,0.1492217796876638,-1.2761673304685042,17,0.12
2022,Nathan Coulter-Nile,RR,Bowler,True,,2.0,sold,NM Coulter-Nile,surname+initial,1.0,1.0,2.0,0.0,0.0,0.0,48.0,18.0,0.0,50.0,16.0,True,0.4407902382335851,-40.64710343620558,-40.206313197972,20.0,0.0,0.09948118645844253,0.09948118645844253,0.04974059322922127,-1.9005188135415574,17,0.06
2022,Navdeep Saini,RR,Bowler,False,,2.6,sold,Navdeep Saini,exact,2.0,2.0,2.0,0.0,0.0,1.0,72.0,36.0,3.0,100.0,12.0,True,-18.559209761766414,2.7057931275888265,-15.853416634177588,68.0,0.0,0.3382360339587046,0.3382360339587046,0.13009078229180945,-2.2617639660412956,17,0.12
2022,Kuldeep Sen,RR,Bowler,False,,0.2,sold,KR Sen,surname+initial,7.0,0.0,3.0,0.0,0.0,0.0,237.0,151.0,8.0,0.0,9.42,True,-0.8388146426496224,-15.317367714835758,-16.15618235748538,234.0,0.0,1.1639298815637777,1.1639298815637777,5.819649407818888,0.9639298815637778,17,0.41
2022,Karun Nair,RR,Batter,False,,1.4,sold,KK Nair,surname+initial,2.0,16.0,18.0,1.0,0.0,2.0,0.0,0.0,0.0,88.9,,True,-29.032887855897734,0.0,-29.032887855897734,18.0,0.0,0.08953306781259829,0.08953306781259829,0.06395219129471306,-1.3104669321874016,17,0.12
2022,Rassie Van Der Dussen,RR,Batter,True,,1.0,sold,HE van der Dussen,manual,3.0,22.0,24.0,2.0,0.0,2.0,0.0,0.0,0.0,91.7,,True,-24.71051714119698,0.0,-24.71051714119698,24.0,0.0,0.11937742375013105,0.11937742375013105,0.11937742375013105,-0.880622576249869,17,0.18
2022,Daryl Mitchell,RR,All-Rounder,True,,0.75,sold,DJ Mitchell,surname+initial,2.0,33.0,44.0,1.0,0.0,2.0,27.0,12.0,0.0,75.0,13.5,True,-19.30261475886113,-22.098068957470392,-41.40068371633152,56.0,0.0,0.2785473220836391,0.2785473220836391,0.3713964294448521,-0.4714526779163609,17,0.12
2022,Obed Mccoy,RR,Bowler,True,,0.75,sold,OC McCoy,surname+initial,7.0,8.0,5.0,0.0,1.0,1.0,236.0,156.0,11.0,160.0,9.08,True,-13.398024404416038,47.7251035528849,34.32707914846887,281.0,4.139007945331673,1.3977106697411177,5.5367186150727905,7.38229148676372,4.7867186150727905,17,0.41
2022,Dhruv Jurel,RR,Wicketkeeper,False,,0.2,sold,Dhruv Jurel,exact,0.0,0.0,0.0,0.0,0.0,0.0,0.0,0.0,0.0,,,False,0.0,0.0,0.0,0.0,0.0,0.0,0.0,0.0,-0.2,17,0.0
2022,Tejas Baroka,RR,Bowler,False,,0.2,sold,Tejas Baroka,exact,0.0,0.0,0.0,0.0,0.0,0.0,0.0,0.0,0.0,,,False,0.0,0.0,0.0,0.0,0.0,0.0,0.0,0.0,-0.2,17,0.0
2022,Kuldip Yadav,RR,Bowler,False,,0.2,sold,,ambiguous,0.0,0.0,0.0,0.0,0.0,0.0,0.0,0.0,0.0,,,False,0.0,0.0,0.0,0.0,0.0,0.0,0.0,0.0,-0.2,17,0.0
2022,Shubham Garhwal,RR,All-Rounder,False,,0.2,sold,,no_match,0.0,0.0,0.0,0.0,0.0,0.0,0.0,0.0,0.0,,,False,0.0,0.0,0.0,0.0,0.0,0.0,0.0,0.0,-0.2,17,0.0
2022,Anunay Singh,RR,All-Rounder,False,,0.2,sold,,ambiguous,0.0,0.0,0.0,0.0,0.0,0.0,0.0,0.0,0.0,,,False,0.0,0.0,0.0,0.0,0.0,0.0,0.0,0.0,-0.2,17,0.0
2022,Faf Du Plessis,RCB,Batter,True,,7.0,sold,F du Plessis,surname+initial,16.0,468.0,367.0,49.0,13.0,15.0,0.0,0.0,0.0,127.5,,True,65.38500871586287,0.0,65.38500871586287,497.0,7.883836239315115,2.472107483492297,10.355943722807412,1.4794205318296303,3.355943722807412,16,1.0
2022,Wanindu Hasaranga,RCB,All-Rounder,True,,10.75,sold,PWH de Silva,manual,16.0,38.0,43.0,4.0,1.0,7.0,430.0,342.0,26.0,88.4,7.54,True,-114.02300987797793,229.70503471209383,115.68202483411591,655.0,13.94842881474285,3.258008856513993,17.206437671256843,1.6005988531401714,6.456437671256843,16,1.0
2022,Harshal Patel,RCB,All-Rounder,False,,10.75,sold,HV Patel,surname+initial,15.0,43.0,39.0,4.0,2.0,5.0,410.0,321.0,19.0,110.3,7.66,True,-67.90459035444509,101.12665538766699,33.222065033221895,570.0,4.005770212434877,2.8352138140656122,6.8409840265004895,0.6363706071163246,-3.9090159734995105,16,0.94
2022,Dinesh Karthik,RCB,Wicketkeeper,False,,5.5,sold,KD Karthik,manual,16.0,330.0,180.0,27.0,22.0,6.0,0.0,0.0,0.0,183.3,,True,159.67112144102265,0.0,159.67112144102265,400.0,19.252440250626137,1.9896237291688508,21.242063979794988,3.862193450871816,15.742063979794988,16,1.0
2022,Josh Hazlewood,RCB,Bowler,True,,7.75,sold,JR Hazlewood,surname+initial,12.0,18.0,26.0,1.0,0.0,0.0,377.0,279.0,20.0,69.2,8.11,True,10.730273097036607,136.96989673881336,147.70016983584998,505.0,17.80903565471834,2.511899958075674,20.320935612794013,2.622056208102453,12.570935612794013,16,0.75
2022,Shahbaz Ahamad,RCB,All-Rounder,False,,2.4,sold,Shahbaz Ahmed,fuzzy,16.0,219.0,181.0,14.0,9.0,8.0,336.0,210.0,4.0,121.0,9.6,True,8.39151656013945,-170.2162067557319,-161.82469019559244,521.0,0.0,2.591484907242428,2.591484907242428,1.0797853780176785,0.19148490724242828,16,1.0
2022,Anuj Rawat,RCB,Wicketkeeper,False,,3.4,sold,Anuj Rawat,exact,8.0,129.0,118.0,10.0,7.0,8.0,0.0,0.0,0.0,109.3,,True,-63.99337594421848,0.0,-63.99337594421848,188.0,0.0,0.9351231527093599,0.9351231527093599,0.27503622138510586,-2.46487684729064,16,0.5
2022,Akash Deep,RCB,Bowler,False,,0.2,sold,Akash Deep,exact,5.0,0.0,2.0,0.0,0.0,1.0,205.0,113.0,5.0,0.0,10.88,True,-20.559209761766414,-58.840149349512856,-79.39935911127927,165.0,0.0,0.820719788282151,0.820719788282151,4.1035989414107545,0.6207197882821509,16,0.31
2022,Karn Sharma,RCB,Bowler,False,,0.5,sold,KV Sharma,manual,0.0,0.0,0.0,0.0,0.0,0.0,0.0,0.0,0.0,,,False,0.0,0.0,0.0,0.0,0.0,0.0,0.0,0.0,-0.5,16,0.0
2022,Mahipal Lomror,RCB,All-Rounder,False,,0.95,sold,MK Lomror,surname+initial,7.0,86.0,57.0,7.0,4.0,5.0,18.0,12.0,0.0,150.9,9.0,True,-29.937478210342825,-13.098068957470392,-43.03554716781322,109.0,0.0,0.5421724661985118,0.5421724661985118,0.5707078591563283,-0.4078275338014882,16,0.44
2022,Finn Allen,RCB,Batter,True,,0.8,sold,,manual_no_match,0.0,0.0,0.0,0.0,0.0,0.0,0.0,0.0,0.0,,,False,0.0,0.0,0.0,0.0,0.0,0.0,0.0,0.0,-0.8,16,0.0
2022,Sherfane Rutherford,RCB,All-Rounder,True,,1.0,sold,SE Rutherford,surname+initial,2.0,33.0,50.0,1.0,1.0,2.0,0.0,0.0,0.0,66.0,,True,-20.980244044160372,0.0,-20.980244044160372,60.0,0.0,0.2984435593753276,0.2984435593753276,0.2984435593753276,-0.7015564406246724,16,0.12
2022,Jason Behrendorff,RCB,Bowler,True,,0.75,sold,JP Behrendorff,surname+initial,0.0,0.0,0.0,0.0,0.0,0.0,0.0,0.0,0.0,,,False,0.0,0.0,0.0,0.0,0.0,0.0,0.0,0.0,-0.75,16,0.0
2022,Siddharth Kaul,RCB,Bowler,False,,0.75,sold,S Kaul,surname+initial,1.0,0.0,0.0,0.0,0.0,0.0,43.0,24.0,0.0,,10.75,True,0.0,-33.196137914940785,-33.196137914940785,24.0,0.0,0.11937742375013105,0.11937742375013105,0.15916989833350806,-0.630622576249869,16,0.06
2022,Suyash Prabhudessai,RCB,All-Rounder,False,,0.3,sold,SS Prabhudessai,surname+initial,5.0,67.0,59.0,7.0,2.0,5.0,0.0,0.0,0.0,113.6,,True,-49.49668797210924,0.0,-49.49668797210924,79.0,0.0,0.392950686510848,0.392950686510848,1.3098356217028269,0.09295068651084804,16,0.31
2022,Luvnith Sisodia,RCB,Wicketkeeper,False,,0.2,sold,,no_match,0.0,0.0,0.0,0.0,0.0,0.0,0.0,0.0,0.0,,,False,0.0,0.0,0.0,0.0,0.0,0.0,0.0,0.0,-0.2,16,0.0
2022,Chama Milind,RCB,Bowler,False,,0.25,sold,,no_match,0.0,0.0,0.0,0.0,0.0,0.0,0.0,0.0,0.0,,,False,0.0,0.0,0.0,0.0,0.0,0.0,0.0,0.0,-0.25,16,0.0
2022,Aneeshwar Gautam,RCB,All-Rounder,False,,0.2,sold,,no_match,0.0,0.0,0.0,0.0,0.0,0.0,0.0,0.0,0.0,,,False,0.0,0.0,0.0,0.0,0.0,0.0,0.0,0.0,-0.2,16,0.0
2022,David Willey,RCB,All-Rounder,True,,2.0,sold,DJ Willey,surname+initial,4.0,18.0,30.0,3.0,0.0,2.0,72.0,66.0,1.0,60.0,6.55,True,-30.388146426496224,-25.039379266087153,-55.42752569258337,106.0,0.0,0.5272502882297454,0.5272502882297454,0.2636251441148727,-1.4727497117702546,16,0.25
2022,Washington Sundar,SRH,All-Rounder,False,,8.75,sold,Washington Sundar,exact,9.0,101.0,69.0,9.0,3.0,7.0,239.0,168.0,6.0,146.4,8.54,True,-58.29273678094131,-50.37296540458549,-108.66570218552681,327.0,0.0,1.6265173985955355,1.6265173985955355,0.18588770269663263,-7.123482601404465,14,0.64
2022,Nicholas Pooran,SRH,Wicketkeeper,True,,10.75,sold,N Pooran,surname+initial,13.0,306.0,212.0,16.0,21.0,8.0,0.0,0.0,0.0,144.3,,True,86.72376525276002,0.0,86.72376525276002,422.0,10.456769475717635,2.0990530342731377,12.555822509990772,1.1679834893014671,1.8058225099907723,14,0.93
2022,Bhuvneshwar Kumar,SRH,Bowler,False,,4.2,sold,B Kumar,surname+initial,14.0,24.0,26.0,3.0,0.0,3.0,383.0,313.0,12.0,92.3,7.34,True,-43.26972690296339,-15.141298640686074,-58.411025543649465,459.0,0.0,2.2830932292212562,2.2830932292212562,0.543593626005061,-1.916906770778744,14,1.0
2022,T. Natarajan,SRH,Bowler,False,,4.0,sold,T Natarajan,exact,11.0,0.0,0.0,0.0,0.0,0.0,406.0,258.0,18.0,,9.44,True,0.0,59.391517414386556,59.391517414386556,438.0,7.161167467824453,2.1786379834398915,9.339805451264343,2.334951362816086,5.339805451264343,14,0.79
2022,Priyam Garg,SRH,Batter,False,,0.2,sold,PK Garg,surname+initial,2.0,46.0,33.0,4.0,2.0,2.0,0.0,0.0,0.0,139.4,,True,-3.2269610691458457,0.0,-3.2269610691458457,53.0,0.0,0.2636251441148727,0.2636251441148727,1.3181257205743635,0.06362514411487269,14,0.14
2022,Rahul Tripathi,SRH,Batter,False,,8.5,sold,RA Tripathi,surname+initial,14.0,413.0,261.0,40.0,20.0,12.0,0.0,0.0,0.0,158.2,,True,100.02312608948286,0.0,100.02312608948286,461.0,12.06034780328076,2.2930413478671006,14.35338915114786,1.6886340177821013,5.85338915114786,14,1.0
2022,Abhishek Sharma,SRH,All-Rounder,False,,6.5,sold,Abhishek Sharma,exact,14.0,426.0,320.0,47.0,13.0,14.0,38.0,24.0,0.0,133.1,9.5,True,56.526438117373615,-28.196137914940785,28.33030020243283,474.0,3.415942764146633,2.357704119065088,5.773646883211721,0.8882533666479571,-0.7263531167882791,14,1.0
2022,Vishnu Vinod,SRH,Wicketkeeper,False,,0.5,sold,Vishnu Vinod,exact,0.0,0.0,0.0,0.0,0.0,0.0,0.0,0.0,0.0,,,False,0.0,0.0,0.0,0.0,0.0,0.0,0.0,0.0,-0.5,14,0.0
2022,Kartik Tyagi,SRH,Bowler,False,,4.0,sold,Kartik Tyagi,exact,2.0,7.0,6.0,1.0,0.0,2.0,79.0,48.0,1.0,116.7,9.88,True,-34.67762928529925,-39.39227582988157,-74.06990511518082,64.0,0.0,0.3183397966670161,0.3183397966670161,0.07958494916675403,-3.6816602033329837,14,0.14
2022,Shreyas Gopal,SRH,Bowler,False,,0.75,sold,S Gopal,surname+initial,1.0,9.0,7.0,2.0,0.0,0.0,34.0,18.0,1.0,128.6,11.33,True,7.042765833817548,-6.647103436205587,0.39566239761196087,35.0,0.04770722846245809,0.17409207630227444,0.22179930476473253,0.2957324063529767,-0.5282006952352675,14,0.07
2022,Jagadeesha Suchith,SRH,Bowler,False,,0.2,sold,J Suchith,surname+initial,5.0,2.0,8.0,0.0,0.0,2.0,140.0,108.0,7.0,25.0,7.78,True,-40.23683904706566,44.11737938276647,3.8805403357008146,186.0,0.46789845451683654,0.9251750340635156,1.3930734885803522,6.96536744290176,1.1930734885803522,14,0.36
2022,Aiden Markram,SRH,Batter,True,,2.6,sold,AK Markram,surname+initial,13.0,381.0,274.0,25.0,19.0,8.0,64.0,36.0,1.0,139.1,10.67,True,144.38826263800115,-29.294206872411173,115.09405576558999,510.0,13.877534095279175,2.5367702546902846,16.41430434996946,6.313193980757484,13.81430434996946,14,0.93
2022,Marco Jansen,SRH,All-Rounder,True,,4.2,sold,M Jansen,surname+initial,8.0,9.0,7.0,0.0,1.0,1.0,274.0,192.0,7.0,128.6,8.56,True,-12.957234166182452,-55.56910331952627,-68.52633748570872,279.0,0.0,1.3877625510952734,1.3877625510952734,0.3304196550226841,-2.812237448904727,14,0.57
2022,Romario Shepherd,SRH,All-Rounder,True,,7.75,sold,R Shepherd,surname+initial,3.0,58.0,41.0,2.0,5.0,2.0,98.0,54.0,3.0,141.5,10.89,True,6.536199883788495,-15.941310308616764,-9.405110424828269,175.0,0.0,0.8704603815113722,0.8704603815113722,0.11231746858211254,-6.879539618488628,14,0.21
2022,Glenn Phillips,SRH,Wicketkeeper,True,,1.5,sold,GD Phillips,surname+initial,0.0,0.0,0.0,0.0,0.0,0.0,0.0,0.0,0.0,,,False,0.0,0.0,0.0,0.0,0.0,0.0,0.0,0.0,-1.5,14,0.0
2022,Fazalhaq Farooqi,SRH,Bowler,True,,0.5,sold,Fazalhaq Farooqi,exact,3.0,2.0,8.0,0.0,0.0,0.0,110.0,72.0,2.0,25.0,9.17,True,-0.2368390470656596,-40.58841374482235,-40.825252791888005,100.0,0.0,0.4974059322922127,0.4974059322922127,0.9948118645844254,-0.0025940677077873064,14,0.21
2022,Sean Abbott,SRH,Bowler,True,,2.4,sold,SA Abbott,surname+initial,1.0,7.0,5.0,0.0,1.0,1.0,47.0,24.0,1.0,140.0,11.75,True,-14.398024404416038,-17.196137914940785,-31.594162319356823,49.0,0.0,0.2437289068231842,0.2437289068231842,0.10155371117632676,-2.156271093176816,14,0.07
2022,R Samarth,SRH,Batter,False,,0.2,sold,,no_match,0.0,0.0,0.0,0.0,0.0,0.0,0.0,0.0,0.0,,,False,0.0,0.0,0.0,0.0,0.0,0.0,0.0,0.0,-0.2,14,0.0
2022,Shashank Singh,SRH,All-Rounder,False,,0.2,sold,Shashank Singh,exact,6.0,69.0,47.0,5.0,4.0,4.0,20.0,12.0,0.0,146.8,10.0,True,-24.14142940151075,-15.098068957470392,-39.23949835898114,99.0,0.0,0.49243187296929053,0.49243187296929053,2.4621593648464524,0.2924318729692905,14,0.43
2022,Saurabh Dubey,SRH,Bowler,False,,0.2,sold,SB Dubey,surname+initial,0.0,0.0,0.0,0.0,0.0,0.0,0.0,0.0,0.0,,,False,0.0,0.0,0.0,0.0,0.0,0.0,0.0,0.0,-0.2,14,0.0
2023,Shakib Al Hasan,KKR,All-Rounder,True,1.5,1.5,sold,Shakib Al Hasan,exact,0.0,0.0,0.0,0.0,0.0,0.0,0.0,0.0,0.0,,,False,0.0,0.0,0.0,0.0,0.0,0.0,0.0,0.0,-1.5,14,0.0
2023,Joe Root,RR,Batter,True,1.0,1.0,sold,JE Root,surname+initial,2.0,10.0,15.0,1.0,0.0,1.0,14.0,12.0,0.0,66.7,7.0,True,-15.315310088762548,-8.316710411198597,-23.632020499961143,27.0,0.0,0.13429960171889743,0.13429960171889743,0.13429960171889743,-0.8657003982811026,14,0.14
2023,Abdul Basith,RR,All-Rounder,False,0.2,0.2,sold,Abdul Basith,exact,1.0,1.0,1.0,0.0,0.0,0.0,0.0,0.0,0.0,100.0,,True,0.6456459940824968,0.0,0.6456459940824968,1.0,0.07784914900043914,0.004974059322922127,0.08282320832336126,0.4141160416168063,-0.11717679167663875,14,0.07
2023,Akeal Hosein,SRH,Bowler,True,1.0,1.0,sold,AJ Hosein,surname+initial,1.0,16.0,10.0,1.0,1.0,0.0,40.0,24.0,1.0,160.0,10.0,True,12.456459940824967,-8.633420822397195,3.823039118427772,54.0,0.46096521111066163,0.26859920343779486,0.7295644145484566,0.7295644145484566,-0.27043558545154345,14,0.07
2023,Raghav Goyal,MI,Bowler,False,0.2,0.2,sold,R Goyal,surname+initial,1.0,0.0,0.0,0.0,0.0,0.0,33.0,24.0,0.0,,8.25,True,0.0,-21.633420822397195,-21.633420822397195,24.0,0.0,0.11937742375013105,0.11937742375013105,0.5968871187506553,-0.08062257624986896,16,0.06
2023,Yudhvir Singh Charak,LSG,All-Rounder,False,0.2,0.2,sold,,no_match,0.0,0.0,0.0,0.0,0.0,0.0,0.0,0.0,0.0,,,False,0.0,0.0,0.0,0.0,0.0,0.0,0.0,0.0,-0.2,15,0.0
2023,Naveen-ul-Haq,LSG,All-Rounder,True,0.5,0.5,sold,Naveen-ul-Haq,exact,7.0,16.0,21.0,2.0,0.0,1.0,218.0,169.0,11.0,76.2,7.74,True,-11.441434124267568,82.03966170895303,70.59822758468546,300.0,8.51242319905859,1.4922177968766381,10.004640995935228,20.009281991870456,9.504640995935228,15,0.47
2023,Akash Vashist,RR,All-Rounder,False,0.2,0.2,sold,,no_match,0.0,0.0,0.0,0.0,0.0,0.0,0.0,0.0,0.0,,,False,0.0,0.0,0.0,0.0,0.0,0.0,0.0,0.0,-0.2,14,0.0
2023,Mandeep Singh,KKR,Batter,False,0.5,0.5,sold,Mandeep Singh,exact,3.0,14.0,16.0,0.0,1.0,3.0,0.0,0.0,0.0,87.5,,True,-51.66966409468005,0.0,-51.66966409468005,26.0,0.0,0.1293255423959753,0.1293255423959753,0.2586510847919506,-0.37067445760402473,14,0.21
2023,Murugan Ashwin,RR,Bowler,False,0.2,0.2,sold,M Ashwin,surname+initial,2.0,0.0,0.0,0.0,0.0,0.0,53.0,24.0,0.0,,13.25,True,0.0,-41.6334208223972,-41.6334208223972,24.0,0.0,0.11937742375013105,0.11937742375013105,0.5968871187506553,-0.08062257624986896,14,0.14
2023,KM Asif,RR,Bowler,False,0.3,0.3,sold,KM Asif,exact,4.0,0.0,2.0,0.0,0.0,1.0,137.0,85.0,3.0,0.0,9.67,True,-20.708708011835007,-36.74336541265674,-57.45207342449175,117.0,0.0,0.5819649407818889,0.5819649407818889,1.9398831359396296,0.2819649407818889,14,0.29
2023,Anmolpreet Singh,SRH,Batter,False,0.2,0.2,sold,Anmolpreet Singh,exact,4.0,105.0,82.0,15.0,2.0,4.0,0.0,0.0,0.0,128.0,,True,-4.057028485235264,0.0,-4.057028485235264,102.0,0.0,0.507354050938057,0.507354050938057,2.5367702546902846,0.30735405093805696,14,0.29
2023,Adam Zampa,RR,Bowler,True,1.5,1.5,sold,A Zampa,surname+initial,6.0,10.0,16.0,0.0,0.0,3.0,188.0,132.0,8.0,62.5,8.55,True,-55.66966409468005,34.516185476815394,-21.153478617864657,228.0,0.0,1.134085525626245,1.134085525626245,0.7560570170841633,-0.365914474373755,14,0.43
2023,Litton Das,KKR,Wicketkeeper,True,0.5,0.5,sold,Liton Das,surname+initial,1.0,4.0,4.0,1.0,0.0,1.0,0.0,0.0,0.0,100.0,,True,-17.417416023670015,0.0,-17.417416023670015,4.0,0.0,0.019896237291688507,0.019896237291688507,0.039792474583377015,-0.4801037627083115,14,0.07
2023,Rilee Rossouw,DC,Batter,True,2.0,4.6,sold,RR Rossouw,surname+initial,9.0,209.0,141.0,17.0,11.0,7.0,0.0,0.0,0.0,148.2,,True,19.036085165632045,0.0,19.036085165632045,251.0,2.2952872689162604,1.2484888900534539,3.543776158969714,0.7703861215151553,-1.0562238410302855,14,0.64
2023,Shivam Singh,PBKS,All-Rounder,False,0.2,0.2,sold,Shivam Singh,exact,0.0,0.0,0.0,0.0,0.0,0.0,0.0,0.0,0.0,,,False,0.0,0.0,0.0,0.0,0.0,0.0,0.0,0.0,-0.2,14,0.0
2023,Mohit Rathee,PBKS,All-Rounder,False,0.2,0.2,sold,Mohit Rathee,exact,1.0,1.0,2.0,0.0,0.0,0.0,29.0,12.0,0.0,50.0,14.5,True,0.2912919881649936,-23.3167104111986,-23.025418423033607,14.0,0.0,0.06963683052090977,0.06963683052090977,0.3481841526045488,-0.13036316947909024,14,0.07
2023,Bhagath Varma,CSK,All-Rounder,False,0.2,0.2,sold,,no_match,0.0,0.0,0.0,0.0,0.0,0.0,0.0,0.0,0.0,,,False,0.0,0.0,0.0,0.0,0.0,0.0,0.0,0.0,-0.2,16,0.0
2023,Nehal Wadhera,MI,All-Rounder,False,0.2,0.2,sold,N Wadhera,surname+initial,10.0,241.0,166.0,23.0,12.0,9.0,0.0,0.0,0.0,145.2,,True,2.177235017694464,0.0,2.177235017694464,286.0,0.26252140469381263,1.4225809663557283,1.685102371049541,8.425511855247704,1.485102371049541,16,0.62
2023,Sonu Yadav,RCB,All-Rounder,False,0.2,0.2,sold,,manual_no_match,0.0,0.0,0.0,0.0,0.0,0.0,0.0,0.0,0.0,,,False,0.0,0.0,0.0,0.0,0.0,0.0,0.0,0.0,-0.2,14,0.0
2023,Kunal Singh Rathore,RR,Wicketkeeper,False,0.2,0.2,sold,,no_match,0.0,0.0,0.0,0.0,0.0,0.0,0.0,0.0,0.0,,,False,0.0,0.0,0.0,0.0,0.0,0.0,0.0,0.0,-0.2,14,0.0
2023,Ajay Jadav Mandal,CSK,All-Rounder,False,0.2,0.2,sold,,no_match,0.0,0.0,0.0,0.0,0.0,0.0,0.0,0.0,0.0,,,False,0.0,0.0,0.0,0.0,0.0,0.0,0.0,0.0,-0.2,16,0.0
2023,Kulwant Khejroliya,KKR,Bowler,False,0.2,0.2,sold,K Khejroliya,surname+initial,2.0,0.0,0.0,0.0,0.0,0.0,64.0,26.0,2.0,,14.77,True,0.0,-11.6862058909303,-11.6862058909303,46.0,0.0,0.22880672885441783,0.22880672885441783,1.144033644272089,0.028806728854417818,14,0.14
2023,Avinash Singh,RCB,Bowler,False,0.2,0.6,sold,,ambiguous,0.0,0.0,0.0,0.0,0.0,0.0,0.0,0.0,0.0,,,False,0.0,0.0,0.0,0.0,0.0,0.0,0.0,0.0,-0.6,14,0.0
2023,Nitish Reddy,SRH,Wicketkeeper,False,0.2,0.2,sold,,no_match,0.0,0.0,0.0,0.0,0.0,0.0,0.0,0.0,0.0,,,False,0.0,0.0,0.0,0.0,0.0,0.0,0.0,0.0,-0.2,14,0.0
2023,David Wiese,KKR,All-Rounder,True,1.0,1.0,sold,D Wiese,surname+initial,3.0,21.0,11.0,0.0,3.0,1.0,38.0,18.0,0.0,190.9,12.67,True,-2.8978940650925353,-29.4750656167979,-32.372959681890435,59.0,0.0,0.29346950005240546,0.29346950005240546,0.29346950005240546,-0.7065304999475945,14,0.21
2023,Swapnil Singh,LSG,All-Rounder,False,0.2,0.2,sold,Swapnil Singh,exact,2.0,2.0,4.0,0.0,0.0,0.0,18.0,12.0,0.0,50.0,9.0,True,0.5825839763299872,-12.316710411198597,-11.73412643486861,16.0,0.0,0.07958494916675403,0.07958494916675403,0.39792474583377013,-0.12041505083324598,15,0.13
2023,Shams Mulani,MI,All-Rounder,False,0.2,0.2,sold,SZ Mulani,surname+initial,0.0,0.0,0.0,0.0,0.0,0.0,0.0,0.0,0.0,,,False,0.0,0.0,0.0,0.0,0.0,0.0,0.0,0.0,-0.2,16,0.0
2023,Mohit Sharma,GT,Bowler,False,0.5,0.5,sold,MM Sharma,surname+initial,14.0,0.0,1.0,0.0,0.0,0.0,361.0,265.0,27.0,0.0,8.17,True,-0.3543540059175032,304.5059784193643,304.15162441344677,536.0,36.67326266205036,2.66609579708626,39.33935845913662,78.67871691827324,38.83935845913662,17,0.82
2023,Joshua Little,GT,Bowler,True,0.5,4.4,sold,J Little,surname+initial,10.0,0.0,0.0,0.0,0.0,0.0,294.0,204.0,7.0,,8.65,True,0.0,-57.38407699037622,-57.38407699037622,274.0,0.0,1.3628922544806628,1.3628922544806628,0.30974823965469606,-3.0371077455193376,17,0.59
2023,Suyash Sharma,KKR,Bowler,False,0.2,0.2,sold,Suyash Sharma,exact,11.0,0.0,0.0,0.0,0.0,0.0,321.0,234.0,10.0,,8.23,True,0.0,-10.175853018372713,-10.175853018372713,334.0,0.0,1.6613358138559904,1.6613358138559904,8.306679069279951,1.4613358138559904,14,0.79
2023,Rajan Kumar,RCB,Bowler,False,0.2,0.7,sold,,no_match,0.0,0.0,0.0,0.0,0.0,0.0,0.0,0.0,0.0,,,False,0.0,0.0,0.0,0.0,0.0,0.0,0.0,0.0,-0.7,14,0.0
2023,Vidhwath Kaverappa,PBKS,Bowler,False,0.2,0.2,sold,V Kaverappa,surname+initial,0.0,0.0,0.0,0.0,0.0,0.0,0.0,0.0,0.0,,,False,0.0,0.0,0.0,0.0,0.0,0.0,0.0,0.0,-0.2,14,0.0
2023,Vishnu Vinod,MI,Wicketkeeper,False,0.2,0.2,sold,Vishnu Vinod,exact,3.0,37.0,31.0,2.0,2.0,3.0,0.0,0.0,0.0,119.4,,True,-33.9849741834426,0.0,-33.9849741834426,51.0,0.0,0.2536770254690285,0.2536770254690285,1.2683851273451423,0.05367702546902847,16,0.19
2023,Urvil Patel,GT,Wicketkeeper,False,0.2,0.2,sold,,no_match,0.0,0.0,0.0,0.0,0.0,0.0,0.0,0.0,0.0,,,False,0.0,0.0,0.0,0.0,0.0,0.0,0.0,0.0,-0.2,17,0.0
2023,Donavon Ferreira,RR,Wicketkeeper,True,0.2,0.5,sold,D Ferreira,surname+initial,0.0,0.0,0.0,0.0,0.0,0.0,0.0,0.0,0.0,,,False,0.0,0.0,0.0,0.0,0.0,0.0,0.0,0.0,-0.5,14,0.0
2023,Prerak Mankad,LSG,All-Rounder,False,0.2,0.2,sold,PN Mankad,surname+initial,5.0,93.0,72.0,12.0,2.0,3.0,0.0,0.0,0.0,129.2,,True,7.486511573939769,0.0,7.486511573939769,92.0,0.9026905771193867,0.45761345770883566,1.3603040348282223,6.801520174141111,1.1603040348282223,15,0.33
2023,Duan Jansen,MI,All-Rounder,True,0.2,0.2,sold,D Jansen,surname+initial,1.0,0.0,0.0,0.0,0.0,0.0,53.0,24.0,1.0,,13.25,True,0.0,-21.633420822397195,-21.633420822397195,34.0,0.0,0.1691180169793523,0.1691180169793523,0.8455900848967615,-0.030881983020647708,16,0.06
2023,Mayank Dagar,SRH,All-Rounder,False,0.2,1.8,sold,Mayank Dagar,exact,3.0,0.0,0.0,0.0,0.0,0.0,83.0,66.0,1.0,,7.55,True,0.0,-31.741907261592303,-31.741907261592303,76.0,0.0,0.37802850854208164,0.37802850854208164,0.21001583807893423,-1.4219714914579185,14,0.21
2023,Manoj Bhandage,RCB,All-Rounder,False,0.2,0.2,sold,,no_match,0.0,0.0,0.0,0.0,0.0,0.0,0.0,0.0,0.0,,,False,0.0,0.0,0.0,0.0,0.0,0.0,0.0,0.0,-0.2,14,0.0
2023,Harpreet Singh Bhatia,PBKS,Batter,False,0.2,0.4,sold,,no_match,0.0,0.0,0.0,0.0,0.0,0.0,0.0,0.0,0.0,,,False,0.0,0.0,0.0,0.0,0.0,0.0,0.0,0.0,-0.4,14,0.0
2023,Piyush Chawla,MI,Bowler,False,0.5,0.5,sold,PP Chawla,surname+initial,16.0,25.0,22.0,1.0,1.0,2.0,495.0,366.0,22.0,113.6,8.11,True,-22.79578813018507,118.34033245844276,95.54454432825769,618.0,11.520340148876079,3.0739686615658743,14.594308810441953,29.188617620883907,14.094308810441953,16,1.0
2023,Amit Mishra,LSG,Bowler,False,0.5,0.5,sold,A Mishra,surname+initial,7.0,19.0,30.0,2.0,0.0,1.0,149.0,114.0,7.0,63.3,7.84,True,-11.630620177525095,44.99125109361331,33.36063091608821,214.0,4.022477876016011,1.0644486951053351,5.086926571121346,10.173853142242692,4.586926571121346,15,0.47
2023,Kyle Jamieson,CSK,All-Rounder,True,1.0,1.0,sold,KA Jamieson,surname+initial,0.0,0.0,0.0,0.0,0.0,0.0,0.0,0.0,0.0,,,False,0.0,0.0,0.0,0.0,0.0,0.0,0.0,0.0,-1.0,16,0.0
2023,Daniel Sams,LSG,All-Rounder,True,0.75,0.75,sold,DR Sams,surname+initial,0.0,0.0,0.0,0.0,0.0,0.0,0.0,0.0,0.0,,,False,0.0,0.0,0.0,0.0,0.0,0.0,0.0,0.0,-0.75,15,0.0
2023,Romario Shepherd,LSG,Bowler,True,0.5,0.5,sold,R Shepherd,surname+initial,1.0,0.0,1.0,0.0,0.0,1.0,0.0,0.0,0.0,0.0,,True,-20.354354005917504,0.0,-20.354354005917504,1.0,0.0,0.004974059322922127,0.004974059322922127,0.009948118645844254,-0.4950259406770779,15,0.07
2023,Will Jacks,RCB,All-Rounder,True,1.5,3.2,sold,WG Jacks,surname+initial,0.0,0.0,0.0,0.0,0.0,0.0,0.0,0.0,0.0,,,False,0.0,0.0,0.0,0.0,0.0,0.0,0.0,0.0,-3.2,14,0.0
2023,Manish Pandey,DC,Batter,False,1.0,2.4,sold,MK Pandey,surname+initial,9.0,160.0,146.0,15.0,3.0,9.0,0.0,0.0,0.0,109.6,,True,-71.73568486395547,0.0,-71.73568486395547,176.0,0.0,0.8754344408342943,0.8754344408342943,0.36476435034762267,-1.5245655591657057,14,0.64
2023,Himanshu Sharma,RCB,Bowler,False,0.2,0.2,sold,H Sharma,surname+initial,1.0,0.0,0.0,0.0,0.0,0.0,28.0,18.0,0.0,,9.33,True,0.0,-19.4750656167979,-19.4750656167979,18.0,0.0,0.08953306781259829,0.08953306781259829,0.44766533906299144,-0.11046693218740172,14,0.07
2023,Mukesh Kumar,DC,Bowler,False,0.2,5.5,sold,Mukesh Kumar,exact,10.0,7.0,9.0,0.0,0.0,0.0,326.0,186.0,7.0,77.8,10.52,True,3.810813946742471,-97.9090113735783,-94.09819742683582,265.0,0.0,1.3181257205743635,1.3181257205743635,0.23965922192261155,-4.181874279425637,14,0.71
2023,Shivam Mavi,GT,Bowler,False,0.4,6.0,sold,Shivam Mavi,exact,0.0,0.0,0.0,0.0,0.0,0.0,0.0,0.0,0.0,,,False,0.0,0.0,0.0,0.0,0.0,0.0,0.0,0.0,-6.0,17,0.0
2023,N Jagadeesan,KKR,Wicketkeeper,False,0.2,0.9,sold,N Jagadeesan,exact,6.0,89.0,81.0,14.0,1.0,6.0,0.0,0.0,0.0,109.9,,True,-59.702674479317764,0.0,-59.702674479317764,91.0,0.0,0.45263939838591355,0.45263939838591355,0.5029326648732373,-0.4473606016140865,14,0.43
2023,Yash Thakur,LSG,Bowler,False,0.2,0.45,sold,Yash Thakur,exact,9.0,0.0,0.0,0.0,0.0,0.0,289.0,191.0,13.0,,9.08,True,0.0,61.45902595508896,61.45902595508896,321.0,7.41045853741987,1.5966730426580027,9.007131580077873,20.015847955728606,8.557131580077874,15,0.6
2023,Vaibhav Arora,KKR,All-Rounder,False,0.2,0.6,sold,VG Arora,surname+initial,5.0,3.0,2.0,0.0,0.0,0.0,146.0,96.0,5.0,150.0,9.12,True,2.2912919881649936,-0.5336832895887831,1.7576086985762105,148.0,0.21192471217043474,0.7361607797924747,0.9480854919629095,1.5801424866048492,0.3480854919629095,14,0.36
2023,Upendra Yadav,SRH,Wicketkeeper,False,0.2,0.25,sold,,manual_no_match,0.0,0.0,0.0,0.0,0.0,0.0,0.0,0.0,0.0,,,False,0.0,0.0,0.0,0.0,0.0,0.0,0.0,0.0,-0.25,14,0.0
2023,Srikar Bharat,GT,Wicketkeeper,False,0.2,1.2,sold,KS Bharat,last_name_unique,0.0,0.0,0.0,0.0,0.0,0.0,0.0,0.0,0.0,,,False,0.0,0.0,0.0,0.0,0.0,0.0,0.0,0.0,-1.2,17,0.0
2023,Sanvir Singh,SRH,All-Rounder,False,0.2,0.2,sold,Sanvir Singh,exact,2.0,11.0,9.0,1.0,1.0,1.0,0.0,0.0,0.0,122.2,,True,-12.18918605325753,0.0,-12.18918605325753,19.0,0.0,0.09450712713552041,0.09450712713552041,0.47253563567760204,-0.1054928728644796,14,0.14
2023,Nishant Sindhu,CSK,All-Rounder,False,0.2,0.6,sold,,no_match,0.0,0.0,0.0,0.0,0.0,0.0,0.0,0.0,0.0,,,False,0.0,0.0,0.0,0.0,0.0,0.0,0.0,0.0,-0.6,16,0.0
2023,Samarth Vyas,SRH,All-Rounder,False,0.2,0.2,sold,,no_match,0.0,0.0,0.0,0.0,0.0,0.0,0.0,0.0,0.0,,,False,0.0,0.0,0.0,0.0,0.0,0.0,0.0,0.0,-0.2,14,0.0
2023,Vivrant Sharma,SRH,All-Rounder,False,0.2,2.6,sold,Vivrant Sharma,exact,2.0,69.0,47.0,9.0,2.0,1.0,37.0,18.0,0.0,146.8,12.33,True,32.34536172187735,-28.4750656167979,3.870296105079454,85.0,0.46666325032855616,0.4227950424483808,0.889458292776937,0.342099343375745,-1.710541707223063,14,0.14
2023,Shaik Rasheed,CSK,Batter,False,0.2,0.2,sold,,no_match,0.0,0.0,0.0,0.0,0.0,0.0,0.0,0.0,0.0,,,False,0.0,0.0,0.0,0.0,0.0,0.0,0.0,0.0,-0.2,16,0.0
2023,Odean Smith,GT,All-Rounder,True,0.5,0.5,sold,OF Smith,surname+initial,0.0,0.0,0.0,0.0,0.0,0.0,0.0,0.0,0.0,,,False,0.0,0.0,0.0,0.0,0.0,0.0,0.0,0.0,-0.5,17,0.0
2023,Kane Williamson,GT,Batter,True,2.0,2.0,sold,KS Williamson,surname+initial,0.0,0.0,0.0,0.0,0.0,0.0,0.0,0.0,0.0,,,False,0.0,0.0,0.0,0.0,0.0,0.0,0.0,0.0,-2.0,17,0.0
2023,Ajinkya Rahane,CSK,Batter,False,0.5,0.5,sold,AM Rahane,surname+initial,11.0,326.0,189.0,24.0,16.0,10.0,0.0,0.0,0.0,172.5,,True,59.0270928815919,0.0,59.0270928815919,349.0,7.117226763455547,1.7359467036998222,8.853173467155369,17.706346934310737,8.353173467155369,16,0.69
2023,Mayank Agarwal,SRH,Batter,False,1.0,8.25,sold,MA Agarwal,surname+initial,10.0,270.0,210.0,29.0,6.0,10.0,0.0,0.0,0.0,128.6,,True,-4.414341242675675,0.0,-4.414341242675675,270.0,0.0,1.3429960171889743,1.3429960171889743,0.16278739602290598,-6.907003982811026,14,0.71
2023,Jason Holder,RR,All-Rounder,True,2.0,5.75,sold,JO Holder,surname+initial,8.0,12.0,11.0,0.0,1.0,2.0,284.0,171.0,4.0,109.1,9.96,True,-31.897894065092537,-123.01312335958002,-154.91101742467256,232.0,0.0,1.1539817629179334,1.1539817629179334,0.2006924805074667,-4.596018237082067,14,0.57
2023,Ishant Sharma,DC,Bowler,False,0.5,0.5,sold,I Sharma,surname+initial,8.0,1.0,1.0,0.0,0.0,0.0,206.0,150.0,10.0,100.0,8.24,True,0.6456459940824968,65.0411198600175,65.6867658541,251.0,7.920220785385058,1.2484888900534539,9.168709675438512,18.337419350877024,8.668709675438512,14,0.57
2023,Jaydev Unadkat,LSG,Bowler,False,0.5,0.5,sold,JD Unadkat,surname+initial,3.0,9.0,7.0,1.0,0.0,1.0,92.0,48.0,0.0,128.6,11.5,True,-13.480478041422522,-69.2668416447944,-82.74731968621691,55.0,0.0,0.273573262760717,0.273573262760717,0.547146525521434,-0.22642673723928303,15,0.2
2023,Mayank Markande,SRH,Bowler,False,0.5,0.5,sold,M Markande,surname+initial,10.0,21.0,13.0,2.0,1.0,0.0,300.0,228.0,12.0,161.5,7.89,True,16.393397923072456,47.982502187226615,64.37590011029907,371.0,7.762162370179138,1.8453760088041091,9.607538378983246,19.215076757966493,9.107538378983246,14,0.71
2023,Nicholas Pooran,LSG,Wicketkeeper,True,2.0,16.0,sold,N Pooran,surname+initial,15.0,358.0,207.0,26.0,26.0,12.0,0.0,0.0,0.0,172.9,,True,44.64872077507684,0.0,44.64872077507684,467.0,5.383546011521965,2.322885703804633,7.706431715326598,0.4816519822079124,-8.293568284673402,15,1.0
2023,Adil Rashid,SRH,Bowler,True,2.0,2.0,sold,AU Rashid,surname+initial,2.0,22.0,16.0,2.0,1.0,2.0,56.0,42.0,2.0,137.5,8.0,True,-23.66966409468005,3.8915135608049063,-19.778150533875145,88.0,0.0,0.43771722041714717,0.43771722041714717,0.21885861020857358,-1.5622827795828529,14,0.14
2023,Jhye Richardson,MI,Bowler,True,1.5,1.5,sold,JA Richardson,surname+initial,0.0,0.0,0.0,0.0,0.0,0.0,0.0,0.0,0.0,,,False,0.0,0.0,0.0,0.0,0.0,0.0,0.0,0.0,-1.5,16,0.0
2023,Reece Topley,RCB,Bowler,True,0.75,1.9,sold,RJW Topley,surname+initial,1.0,0.0,0.0,0.0,0.0,0.0,14.0,12.0,1.0,,7.0,True,0.0,11.683289588801403,11.683289588801403,22.0,1.408719577523879,0.10942930510428679,1.5181488826281657,0.7990257276990346,-0.3818511173718342,14,0.07
2023,Philip Salt,DC,Batter,True,2.0,2.0,sold,PD Salt,surname+initial,9.0,218.0,133.0,24.0,10.0,8.0,0.0,0.0,0.0,163.9,,True,10.870917212972074,0.0,10.870917212972074,233.0,1.3107672960733456,1.1589558222408556,2.469723118314201,1.2348615591571006,0.4697231183142012,14,0.64
2023,Heinrich Klaasen,SRH,Wicketkeeper,True,1.0,5.25,sold,H Klaasen,surname+initial,11.0,448.0,253.0,32.0,25.0,9.0,0.0,0.0,0.0,177.1,,True,178.3484365028717,0.0,178.3484365028717,503.0,21.504468601308115,2.5019518394298297,24.006420440737944,4.572651512521513,18.756420440737944,14,0.79
2023,Ben Stokes,CSK,All-Rounder,True,2.0,16.25,sold,BA Stokes,surname+initial,2.0,15.0,14.0,2.0,0.0,2.0,18.0,6.0,0.0,107.1,18.0,True,-29.960956082845044,-15.1583552055993,-45.119311288444344,20.0,0.0,0.09948118645844253,0.09948118645844253,0.006121919166673387,-16.150518813541556,16,0.12
2023,Cameron Green,MI,All-Rounder,True,2.0,17.5,sold,C Green,manual,16.0,452.0,282.0,40.0,22.0,9.0,361.0,228.0,6.0,160.3,9.5,True,172.0721703312641,-133.0174978127734,39.05467251849069,790.0,4.709040322283571,3.9295068651084804,8.638547187392051,0.49363126785097433,-8.861452812607949,16,1.0
2023,Sikandar Raza,PBKS,All-Rounder,True,0.5,0.5,sold,Sikandar Raza,exact,7.0,139.0,98.0,10.0,6.0,5.0,118.0,73.0,3.0,141.8,9.7,True,4.273307420084684,-23.42665500145815,-19.153347581373467,261.0,0.0,1.298229483282675,1.298229483282675,2.59645896656535,0.7982294832826751,14,0.5
2023,Sam Curran,PBKS,All-Rounder,True,2.0,18.5,sold,SM Curran,surname+initial,14.0,276.0,203.0,20.0,13.0,10.0,489.0,287.0,10.0,136.0,10.22,True,4.066136798746854,-153.07465733449982,-149.00852053575295,720.0,0.0,3.5813227125039315,3.5813227125039315,0.193585011486699,-14.918677287496068,14,1.0
2023,Harry Brook,SRH,Batter,True,1.5,13.25,sold,HC Brook,surname+initial,11.0,190.0,154.0,23.0,4.0,9.0,0.0,0.0,0.0,123.4,,True,-44.57051691129549,0.0,-44.57051691129549,194.0,0.0,0.9649675086468926,0.9649675086468926,0.07282773650165228,-12.285032491353107,14,0.79
2024,Spencer Johnson,GT,Bowler,True,0.5,10.0,sold,SH Johnson,surname+initial,5.0,6.0,7.0,1.0,0.0,0.0,151.0,96.0,4.0,85.7,9.44,True,3.0087333577623054,-18.14553817847286,-15.136804820710555,143.0,0.0,0.7112904831778641,0.7112904831778641,0.07112904831778641,-9.288709516822136,12,0.42
2024,Shahrukh Khan,GT,All-Rounder,False,0.4,7.4,sold,M Shahrukh Khan,manual,7.0,127.0,75.0,9.0,9.0,7.0,15.0,12.0,0.0,169.3,7.5,True,-45.04928545254673,-8.393192272309108,-53.442477724855834,177.0,0.0,0.8804085001572165,0.8804085001572165,0.1189741216428671,-6.519591499842784,12,0.58
2024,Umesh Yadav,GT,Bowler,False,2.0,5.8,sold,UT Yadav,surname+initial,7.0,12.0,15.0,0.0,1.0,1.0,210.0,126.0,8.0,80.0,10.0,True,-14.409857090509345,19.371481140754387,4.961624050245042,231.0,0.5982507651434988,1.1490077035950113,1.7472584687385102,0.30125146012732934,-4.052741531261489,12,0.58
2024,Robin Minz,GT,Wicketkeeper,False,0.2,3.6,sold,,no_match,0.0,0.0,0.0,0.0,0.0,0.0,0.0,0.0,0.0,,,False,0.0,0.0,0.0,0.0,0.0,0.0,0.0,0.0,-3.6,12,0.0
2024,Sushant Mishra,GT,Bowler,False,0.2,2.2,sold,,no_match,0.0,0.0,0.0,0.0,0.0,0.0,0.0,0.0,0.0,,,False,0.0,0.0,0.0,0.0,0.0,0.0,0.0,0.0,-2.2,12,0.0
2024,Kartik Tyagi,GT,Bowler,False,0.2,0.6,sold,Kartik Tyagi,exact,1.0,0.0,0.0,0.0,0.0,0.0,51.0,24.0,0.0,,12.75,True,0.0,-37.786384544618215,-37.786384544618215,24.0,0.0,0.11937742375013105,0.11937742375013105,0.1989623729168851,-0.4806225762498689,12,0.08
2024,Azmatullah Omarzai,GT,All-Rounder,True,0.5,0.5,sold,Azmatullah Omarzai,exact,7.0,42.0,33.0,2.0,2.0,4.0,186.0,126.0,4.0,127.3,8.86,True,-52.10168559912056,-36.62851885924562,-88.73020445836617,219.0,0.0,1.0893189917199457,1.0893189917199457,2.1786379834398915,0.5893189917199457,12,0.58
2024,Manav Suthar,GT,Bowler,False,0.2,0.2,sold,MJ Suthar,surname+initial,1.0,1.0,2.0,0.0,0.0,1.0,26.0,12.0,0.0,50.0,13.0,True,-19.854647612067915,-19.393192272309108,-39.24783988437702,14.0,0.0,0.06963683052090977,0.06963683052090977,0.3481841526045488,-0.13036316947909024,12,0.08
2024,Daryl Mitchell,CSK,All-Rounder,True,1.0,14.0,sold,DJ Mitchell,surname+initial,13.0,318.0,223.0,27.0,10.0,11.0,70.0,36.0,1.0,142.6,11.67,True,2.7067912544277277,-30.179576816927323,-27.472785562499595,369.0,0.0,1.8354278901582648,1.8354278901582648,0.13110199215416177,-12.164572109841735,14,0.93
2024,Sameer Rizvi,CSK,Batter,False,0.2,8.4,sold,Sameer Rizvi,exact,5.0,51.0,43.0,4.0,2.0,4.0,0.0,0.0,0.0,118.6,,True,-47.37492365946012,0.0,-47.37492365946012,63.0,0.0,0.313365737344094,0.313365737344094,0.03730544492191595,-8.086634262655906,14,0.36
2024,Shardul Thakur,CSK,All-Rounder,False,2.0,4.0,sold,SN Thakur,surname+initial,9.0,21.0,17.0,2.0,1.0,1.0,309.0,190.0,5.0,123.5,9.76,True,-6.264504702577258,-104.39221097822752,-110.65671568080478,267.0,0.0,1.3280738392202078,1.3280738392202078,0.33201845980505196,-2.671926160779792,14,0.64
2024,Mustafizur Rahman,CSK,Bowler,True,2.0,2.0,sold,Mustafizur Rahman,exact,9.0,0.0,0.0,0.0,0.0,0.0,317.0,207.0,14.0,,9.19,True,0.0,76.96743330266787,76.96743330266787,347.0,9.280393959348487,1.725998585053978,11.006392544402464,5.503196272201232,9.006392544402464,14,0.64
2024,Rachin Ravindra,CSK,All-Rounder,True,0.5,1.8,sold,R Ravindra,surname+initial,10.0,222.0,138.0,22.0,12.0,10.0,7.0,12.0,0.0,160.9,3.5,True,-36.97068523268598,-0.3931922723091077,-37.36387750499509,270.0,0.0,1.3429960171889743,1.3429960171889743,0.7461088984383191,-0.4570039828110257,14,0.71
2024,Avanish Rao Aravelly,CSK,Wicketkeeper,False,0.2,0.2,sold,,no_match,0.0,0.0,0.0,0.0,0.0,0.0,0.0,0.0,0.0,,,False,0.0,0.0,0.0,0.0,0.0,0.0,0.0,0.0,-0.2,14,0.0
2024,Kumar Kushagra,DC,Wicketkeeper,False,0.2,7.2,sold,Kumar Kushagra,exact,3.0,3.0,7.0,0.0,0.0,3.0,0.0,0.0,0.0,42.9,,True,-59.9912666422377,0.0,-59.9912666422377,7.0,0.0,0.034818415260454885,0.034818415260454885,0.004835891008396512,-7.165181584739545,14,0.21
2024,Jhye Richardson,DC,Bowler,True,1.5,5.0,sold,JA Richardson,surname+initial,1.0,2.0,2.0,0.0,0.0,1.0,40.0,24.0,0.0,100.0,10.0,True,-18.854647612067915,-26.786384544618215,-45.64103215668613,26.0,0.0,0.1293255423959753,0.1293255423959753,0.02586510847919506,-4.870674457604025,14,0.07
2024,Harry Brook,DC,Batter,True,2.0,4.0,sold,HC Brook,surname+initial,0.0,0.0,0.0,0.0,0.0,0.0,0.0,0.0,0.0,,,False,0.0,0.0,0.0,0.0,0.0,0.0,0.0,0.0,-4.0,14,0.0
2024,Sumit Kumar,DC,All-Rounder,False,0.2,1.0,sold,Sumit Kumar,exact,3.0,18.0,24.0,2.0,1.0,2.0,38.0,20.0,0.0,75.0,11.4,True,-32.25577134481495,-26.988653787181846,-59.2444251319968,54.0,0.0,0.26859920343779486,0.26859920343779486,0.26859920343779486,-0.7314007965622051,14,0.21
2024,Shai Hope,DC,Wicketkeeper,True,0.75,0.75,sold,SD Hope,surname+initial,9.0,183.0,122.0,12.0,12.0,8.0,0.0,0.0,0.0,150.0,,True,-29.13350433614268,0.0,-29.13350433614268,242.0,0.0,1.2037223561471546,1.2037223561471546,1.6049631415295396,0.4537223561471546,14,0.64
2024,Tristan Stubbs,DC,Wicketkeeper,True,0.5,0.5,sold,T Stubbs,surname+initial,14.0,378.0,198.0,24.0,26.0,7.0,15.0,12.0,3.0,190.9,7.5,True,153.38988640527663,51.60680772769089,204.99669413296752,500.0,24.71759808381265,2.4870296614610634,27.20462774527371,54.40925549054742,26.70462774527371,14,1.0
2024,Ricky Bhui,DC,Wicketkeeper,False,0.2,0.2,sold,RK Bhui,surname+initial,2.0,3.0,9.0,0.0,0.0,2.0,0.0,0.0,0.0,33.3,,True,-40.845914254305605,0.0,-40.845914254305605,9.0,0.0,0.044766533906299144,0.044766533906299144,0.22383266953149572,-0.15523346609370087,14,0.14
2024,Rasikh Dar,DC,Bowler,False,0.2,0.2,sold,,no_match,0.0,0.0,0.0,0.0,0.0,0.0,0.0,0.0,0.0,,,False,0.0,0.0,0.0,0.0,0.0,0.0,0.0,0.0,-0.2,14,0.0
2024,Swastik Chhikara,DC,Batter,,0.2,0.2,sold,,no_match,0.0,0.0,0.0,0.0,0.0,0.0,0.0,0.0,0.0,,,False,0.0,0.0,0.0,0.0,0.0,0.0,0.0,0.0,-0.2,14,0.0
2024,Mitchell Starc,KKR,Bowler,True,2.0,24.75,sold,MA Starc,surname+initial,13.0,9.0,11.0,1.0,0.0,2.0,444.0,251.0,17.0,81.8,10.61,True,-35.70056186637352,34.192394970867866,-1.5081668955056529,432.0,0.0,2.148793627502359,2.148793627502359,0.08681994454554985,-22.601206372497643,14,0.93
2024,Mujeeb Rahman,KKR,Bowler,True,2.0,2.0,sold,Mujeeb Ur Rahman,manual,0.0,0.0,0.0,0.0,0.0,0.0,0.0,0.0,0.0,,,False,0.0,0.0,0.0,0.0,0.0,0.0,0.0,0.0,-2.0,14,0.0
2024,Sherfane Rutherford,KKR,Batter,True,1.5,1.5,sold,SE Rutherford,surname+initial,0.0,0.0,0.0,0.0,0.0,0.0,0.0,0.0,0.0,,,False,0.0,0.0,0.0,0.0,0.0,0.0,0.0,0.0,-1.5,14,0.0
2024,Gus Atkinson,KKR,Bowler,True,1.0,1.0,sold,,no_match,0.0,0.0,0.0,0.0,0.0,0.0,0.0,0.0,0.0,,,False,0.0,0.0,0.0,0.0,0.0,0.0,0.0,0.0,-1.0,14,0.0
2024,Manish Pandey,KKR,Batter,False,0.5,0.5,sold,MK Pandey,surname+initial,1.0,42.0,31.0,2.0,2.0,1.0,0.0,0.0,0.0,135.5,,True,8.752962012947354,0.0,8.752962012947354,51.0,1.0553935905843406,0.2536770254690285,1.309070616053369,2.618141232106738,0.8090706160533689,14,0.07
2024,K.S. Bharat,KKR,Wicketkeeper,False,0.5,0.5,sold,KS Bharat,last_name_unique,0.0,0.0,0.0,0.0,0.0,0.0,0.0,0.0,0.0,,,False,0.0,0.0,0.0,0.0,0.0,0.0,0.0,0.0,-0.5,14,0.0
2024,Chetan Sakariya,KKR,Bowler,False,0.5,0.5,sold,C Sakariya,surname+initial,0.0,0.0,0.0,0.0,0.0,0.0,0.0,0.0,0.0,,,False,0.0,0.0,0.0,0.0,0.0,0.0,0.0,0.0,-0.5,14,0.0
2024,Angkrish Raghuvanshi,KKR,Batter,False,0.2,0.2,sold,A Raghuvanshi,surname+initial,7.0,163.0,105.0,16.0,8.0,7.0,0.0,0.0,0.0,155.2,,True,-21.868999633565416,0.0,-21.868999633565416,185.0,0.0,0.9202009747405935,0.9202009747405935,4.601004873702967,0.7202009747405935,14,0.5
2024,Ramandeep Singh,KKR,All-Rounder,False,0.2,0.2,sold,Ramandeep Singh,exact,9.0,125.0,62.0,5.0,12.0,4.0,9.0,4.0,0.0,201.6,13.5,True,18.505924025894707,-6.797730757436369,11.708193268458338,186.0,1.4117223534816652,0.9251750340635156,2.336897387545181,11.684486937725904,2.1368973875451807,14,0.64
2024,Sakib Hussain,KKR,Bowler,False,0.2,0.2,sold,,no_match,0.0,0.0,0.0,0.0,0.0,0.0,0.0,0.0,0.0,,,False,0.0,0.0,0.0,0.0,0.0,0.0,0.0,0.0,-0.2,14,0.0
2024,Harshal Patel,PBKS,All-Rounder,False,2.0,11.75,sold,HV Patel,surname+initial,14.0,13.0,19.0,1.0,1.0,3.0,477.0,294.0,24.0,68.4,9.73,True,-55.11915231464517,164.86678932842688,109.74763701378171,563.0,13.232886480575502,2.8003953988051573,16.03328187938066,1.3645346280323964,4.2832818793806595,14,1.0
2024,Rilee Rossouw,PBKS,Batter,True,2.0,8.0,sold,RR Rossouw,surname+initial,8.0,211.0,116.0,25.0,11.0,8.0,0.0,0.0,0.0,181.9,,True,1.430438500061058,0.0,1.430438500061058,226.0,0.17247597127194328,1.1241374069804007,1.296613378252344,0.162076672281543,-6.703386621747656,14,0.57
2024,Chris Woakes,PBKS,All-Rounder,True,2.0,4.2,sold,CR Woakes,surname+initial,0.0,0.0,0.0,0.0,0.0,0.0,0.0,0.0,0.0,,,False,0.0,0.0,0.0,0.0,0.0,0.0,0.0,0.0,-4.2,14,0.0
2024,Ashutosh Sharma,PBKS,All-Rounder,False,0.2,0.2,sold,Ashutosh Sharma,exact,9.0,189.0,113.0,10.0,15.0,7.0,0.0,0.0,0.0,167.3,,True,0.7124099181629333,0.0,0.7124099181629333,263.0,0.08589924877838,1.3081776019285194,1.3940768507068995,6.970384253534497,1.1940768507068995,14,0.64
2024,Vishwanath Pratap Singh,PBKS,All-Rounder,False,0.2,0.2,sold,V Pratap Singh,surname+initial,0.0,0.0,0.0,0.0,0.0,0.0,0.0,0.0,0.0,,,False,0.0,0.0,0.0,0.0,0.0,0.0,0.0,0.0,-0.2,14,0.0
2024,Shashank Singh,PBKS,All-Rounder,False,0.2,0.2,sold,Shashank Singh,exact,14.0,354.0,215.0,28.0,21.0,8.0,5.0,6.0,1.0,164.7,5.0,True,102.12538170269939,18.303403863845446,120.42878556654483,441.0,14.520772307794983,2.1935601614086577,16.71433246920364,83.5716623460182,16.51433246920364,14,1.0
2024,Tanay Thyagarajann,PBKS,All-Rounder,False,0.2,0.2,sold,,no_match,0.0,0.0,0.0,0.0,0.0,0.0,0.0,0.0,0.0,,,False,0.0,0.0,0.0,0.0,0.0,0.0,0.0,0.0,-0.2,14,0.0
2024,Prince Choudhary,PBKS,Bowler,False,0.2,0.2,sold,,no_match,0.0,0.0,0.0,0.0,0.0,0.0,0.0,0.0,0.0,,,False,0.0,0.0,0.0,0.0,0.0,0.0,0.0,0.0,-0.2,14,0.0
2024,Shivam Mavi,LSG,Bowler,False,0.5,6.4,sold,Shivam Mavi,exact,0.0,0.0,0.0,0.0,0.0,0.0,0.0,0.0,0.0,,,False,0.0,0.0,0.0,0.0,0.0,0.0,0.0,0.0,-6.4,14,0.0
2024,M. Siddharth,LSG,Bowler,False,0.2,2.4,sold,M Siddharth,exact,3.0,0.0,0.0,0.0,0.0,0.0,70.0,55.0,1.0,,7.64,True,0.0,-19.718797914750084,-19.718797914750084,65.0,0.0,0.3233138559899382,0.3233138559899382,0.13471410666247427,-2.0766861440100617,14,0.21
2024,David Willey,LSG,All-Rounder,True,2.0,2.0,sold,DJ Willey,surname+initial,0.0,0.0,0.0,0.0,0.0,0.0,0.0,0.0,0.0,,,False,0.0,0.0,0.0,0.0,0.0,0.0,0.0,0.0,-2.0,14,0.0
2024,Ashton Turner,LSG,Batter,True,1.0,1.0,sold,AJ Turner,surname+initial,2.0,21.0,18.0,0.0,2.0,2.0,0.0,0.0,0.0,116.7,,True,-26.691828508611216,0.0,-26.691828508611216,38.0,0.0,0.18901425427104082,0.18901425427104082,0.18901425427104082,-0.8109857457289592,14,0.14
2024,Mohd. Arshad Khan,LSG,All-Rounder,False,0.2,0.2,sold,,no_match,0.0,0.0,0.0,0.0,0.0,0.0,0.0,0.0,0.0,,,False,0.0,0.0,0.0,0.0,0.0,0.0,0.0,0.0,-0.2,14,0.0
2024,Arshin Kulkarni,LSG,All-Rounder,False,0.2,0.2,sold,AA Kulkarni,surname+initial,2.0,9.0,8.0,2.0,0.0,2.0,0.0,0.0,0.0,112.5,,True,-34.41859044827165,0.0,-34.41859044827165,8.0,0.0,0.039792474583377015,0.039792474583377015,0.19896237291688507,-0.160207525416623,14,0.14
2024,Gerald Coetzee,MI,All-Rounder,True,2.0,5.0,sold,G Coetzee,surname+initial,10.0,14.0,22.0,0.0,1.0,4.0,341.0,201.0,13.0,63.6,10.18,True,-75.40112373274704,29.66402943882244,-45.7370942939246,363.0,0.0,1.805583534220732,1.805583534220732,0.36111670684414643,-3.194416465779268,14,0.71
2024,Nuwan Thushara,MI,Bowler,True,0.5,4.8,sold,N Thushara,surname+initial,7.0,0.0,0.0,0.0,0.0,0.0,257.0,156.0,8.0,,9.88,True,0.0,-11.111499540018393,-11.111499540018393,236.0,0.0,1.1738780002096219,1.1738780002096219,0.24455791671033789,-3.626121999790378,14,0.5
2024,Mohammad Nabi,MI,All-Rounder,True,1.5,1.5,sold,Mohammad Nabi,exact,7.0,35.0,31.0,2.0,2.0,4.0,109.0,74.0,2.0,112.9,8.84,True,-58.24703798705265,-28.25801901257283,-86.50505699962548,145.0,0.0,0.7212386018237084,0.7212386018237084,0.4808257345491389,-0.7787613981762916,14,0.5
2024,Shreyas Gopal,MI,Bowler,False,0.2,0.2,sold,S Gopal,surname+initial,3.0,0.0,0.0,0.0,0.0,0.0,67.0,42.0,3.0,,9.57,True,0.0,16.12382704691812,16.12382704691812,72.0,1.9441400174976597,0.35813227125039315,2.302272288748053,11.511361443740263,2.1022722887480527,14,0.21
2024,Naman Dhir,MI,All-Rounder,False,0.2,0.2,sold,Naman Dhir,exact,7.0,140.0,79.0,12.0,10.0,6.0,55.0,28.0,0.0,177.2,11.79,True,-13.758580676682556,-39.584115302054585,-53.34269597873714,207.0,0.0,1.0296302798448802,1.0296302798448802,5.148151399224401,0.8296302798448802,14,0.5
2024,Anshul Kamboj,MI,All-Rounder,False,0.2,0.2,sold,A Kamboj,surname+initial,3.0,2.0,2.0,0.0,0.0,0.0,114.0,60.0,2.0,100.0,11.4,True,1.1453523879320873,-40.96596136154553,-39.820608973613446,82.0,0.0,0.4078728644796144,0.4078728644796144,2.0393643223980717,0.2078728644796144,14,0.21
2024,Shivalik Sharma,MI,All-Rounder,False,0.2,0.2,sold,,ambiguous,0.0,0.0,0.0,0.0,0.0,0.0,0.0,0.0,0.0,,,False,0.0,0.0,0.0,0.0,0.0,0.0,0.0,0.0,-0.2,14,0.0
2024,Dilshan Madushanka,MI,Bowler,True,0.5,4.6,sold,,no_match,0.0,0.0,0.0,0.0,0.0,0.0,0.0,0.0,0.0,,,False,0.0,0.0,0.0,0.0,0.0,0.0,0.0,0.0,-4.6,14,0.0
2024,Alzarri Joseph,RCB,Bowler,True,1.0,11.5,sold,AS Joseph,surname+initial,3.0,0.0,0.0,0.0,0.0,0.0,115.0,58.0,1.0,,11.9,True,0.0,-63.067095982827354,-63.067095982827354,68.0,0.0,0.3382360339587046,0.3382360339587046,0.029411829039887358,-11.161763966041296,15,0.2
2024,Yash Dayal,RCB,Bowler,False,0.2,5.0,sold,Yash Dayal,exact,14.0,0.0,0.0,0.0,0.0,0.0,458.0,302.0,15.0,,9.1,True,0.0,8.271327813554116,8.271327813554116,452.0,0.9973202610881144,2.2482748139608013,3.2455950750489158,0.6491190150097832,-1.7544049249510842,15,0.93
2024,Lockie Ferguson,RCB,Bowler,True,2.0,2.0,sold,LH Ferguson,surname+initial,7.0,1.0,1.0,0.0,0.0,1.0,255.0,144.0,9.0,100.0,10.62,True,-19.427323806033957,4.281692732290708,-15.14563107374325,235.0,0.0,1.1689039408867,1.1689039408867,0.58445197044335,-0.8310960591133001,15,0.47
2024,Tom Curran,RCB,All-Rounder,True,1.5,1.5,sold,TK Curran,surname+initial,0.0,0.0,0.0,0.0,0.0,0.0,0.0,0.0,0.0,,,False,0.0,0.0,0.0,0.0,0.0,0.0,0.0,0.0,-1.5,15,0.0
2024,Saurav Chuahan,RCB,Batter,False,0.2,0.2,sold,Saurav Chauhan,fuzzy,3.0,18.0,15.0,1.0,1.0,3.0,0.0,0.0,0.0,120.0,,True,-48.40985709050935,0.0,-48.40985709050935,25.0,0.0,0.12435148307305317,0.12435148307305317,0.6217574153652659,-0.07564851692694684,15,0.2
2024,Swapnil Singh,RCB,All-Rounder,False,0.2,0.2,sold,Swapnil Singh,exact,7.0,37.0,21.0,3.0,3.0,2.0,133.0,90.0,6.0,176.2,8.87,True,-11.973799926713085,36.55105795768169,24.577258030968608,201.0,2.963417476467208,0.9997859239073474,3.9632034003745558,19.816017001872776,3.7632034003745556,15,0.47
2024,Rovman Powell,RR,Batter,True,1.0,7.4,sold,R Powell,surname+initial,7.0,103.0,68.0,10.0,6.0,6.0,0.0,0.0,0.0,151.5,,True,-46.058018810309036,0.0,-46.058018810309036,128.0,0.0,0.6366795933340322,0.6366795933340322,0.08603778288297732,-6.763320406665968,15,0.47
2024,Shubham Dubey,RR,Batter,False,0.2,5.8,sold,SB Dubey,surname+initial,3.0,33.0,19.0,3.0,2.0,2.0,0.0,0.0,0.0,173.7,,True,-15.11915231464517,0.0,-15.11915231464517,39.0,0.0,0.19398831359396296,0.19398831359396296,0.03344626096447637,-5.6060116864060365,15,0.2
2024,Nandre Burger,RR,Bowler,True,0.5,0.5,sold,N Burger,surname+initial,5.0,0.0,0.0,0.0,0.0,0.0,145.0,102.0,7.0,,8.53,True,0.0,51.157865685372585,51.157865685372585,172.0,6.168390022994784,0.8555382035426058,7.02392822653739,14.04785645307478,6.52392822653739,15,0.33
2024,Tom Kohler-Cadmore,RR,Wicketkeeper,True,0.4,0.4,sold,T Kohler-Cadmore,surname+initial,3.0,48.0,54.0,7.0,1.0,3.0,0.0,0.0,0.0,88.9,,True,-35.07548552583364,0.0,-35.07548552583364,64.0,0.0,0.3183397966670161,0.3183397966670161,0.7958494916675403,-0.0816602033329839,15,0.2
2024,Abid Mushtaq,RR,All-Rounder,False,0.2,0.2,sold,,no_match,0.0,0.0,0.0,0.0,0.0,0.0,0.0,0.0,0.0,,,False,0.0,0.0,0.0,0.0,0.0,0.0,0.0,0.0,-0.2,15,0.0
2024,Pat Cummins,SRH,All-Rounder,True,2.0,20.5,sold,PJ Cummins,surname+initial,16.0,136.0,95.0,9.0,8.0,6.0,566.0,366.0,18.0,143.2,9.28,True,-24.595761573225857,-4.492364305427728,-29.088125878653585,721.0,0.0,3.5862967718268535,3.5862967718268535,0.17494130594277335,-16.913703228173148,16,1.0
2024,Travis Head,SRH,Batter,True,2.0,6.8,sold,TM Head,surname+initial,15.0,567.0,296.0,64.0,32.0,14.0,32.0,10.0,0.0,191.6,19.2,True,160.5121534139489,-26.494326893590923,134.01782652035797,626.0,16.159278987434192,3.113761136149251,19.273040123583442,2.83427060640933,12.473040123583441,16,0.94
2024,Jaydev Unadkat,SRH,Bowler,False,0.5,1.6,sold,JD Unadkat,surname+initial,11.0,24.0,26.0,2.0,1.0,3.0,319.0,187.0,8.0,92.3,10.24,True,-47.11041895688287,-56.04391291015026,-103.15433186703314,303.0,0.0,1.5071399748454044,1.5071399748454044,0.9419624842783777,-0.09286002515459568,16,0.69
2024,Wanindu Hasaranga,SRH,All-Rounder,True,1.5,1.5,sold,PWH de Silva,manual,0.0,0.0,0.0,0.0,0.0,0.0,0.0,0.0,0.0,,,False,0.0,0.0,0.0,0.0,0.0,0.0,0.0,0.0,-1.5,16,0.0
2024,Akash Singh,SRH,Bowler,False,0.2,0.2,sold,Akash Singh,exact,0.0,0.0,0.0,0.0,0.0,0.0,0.0,0.0,0.0,,,False,0.0,0.0,0.0,0.0,0.0,0.0,0.0,0.0,-0.2,16,0.0
2024,Jhathavedh Subramanyan,SRH,Bowler,False,0.2,0.2,sold,,no_match,0.0,0.0,0.0,0.0,0.0,0.0,0.0,0.0,0.0,,,False,0.0,0.0,0.0,0.0,0.0,0.0,0.0,0.0,-0.2,16,0.0
